dataset_seed,dataset,arm,ansatz_level,dilution,seed,lr,val_accuracy,test_accuracy,best_epoch,epochs_run,theta_displacement,wall_seconds,run_id
11,hyperplanes_n_features20_n_hyperplanes3_dim_hyperplanes5_seed11,A,L2,linear,1,0.1,0.8166666666666667,0.8325,9,39,0.8970304131507874,362.66120954201324,d21_20260822T070952Z
11,hyperplanes_n_features20_n_hyperplanes3_dim_hyperplanes5_seed11,B,L2,linear,1,0.1,0.745,0.7166666666666667,7,37,0.0,7.412286875012796,d21_20260822T070952Z
11,hyperplanes_n_features20_n_hyperplanes3_dim_hyperplanes5_seed11,A,L2,linear,3,0.1,0.815,0.8291666666666667,13,43,1.2873896360397339,395.7834138330072,d21_20260822T070952Z
11,hyperplanes_n_features20_n_hyperplanes3_dim_hyperplanes5_seed11,B,L2,linear,3,0.1,0.7483333333333333,0.7566666666666667,26,56,0.0,7.825104499992449,d21_20260822T070952Z
11,hyperplanes_n_features20_n_hyperplanes3_dim_hyperplanes5_seed11,A,L1,h2,1,0.1,0.8183333333333334,0.8141666666666667,16,46,1.1720538139343262,421.40181349997874,d21_20260822T070952Z
11,hyperplanes_n_features20_n_hyperplanes3_dim_hyperplanes5_seed11,B,L1,h2,1,0.1,0.7633333333333333,0.7866666666666666,14,44,0.0,7.835205583018251,d21_20260822T070952Z
11,hyperplanes_n_features20_n_hyperplanes3_dim_hyperplanes5_seed11,A,L2,h2,1,0.1,0.8216666666666667,0.8125,17,47,0.8149798512458801,428.6901183750015,d21_20260822T070952Z
11,hyperplanes_n_features20_n_hyperplanes3_dim_hyperplanes5_seed11,B,L2,h2,1,0.1,0.7566666666666667,0.7508333333333334,22,52,0.0,7.7472397920209914,d21_20260822T070952Z
11,hyperplanes_n_features20_n_hyperplanes3_dim_hyperplanes5_seed11,A,L2,linear,2,0.1,0.8183333333333334,0.8175,33,63,0.969000518321991,565.2787802919629,d21_20260822T070952Z
11,hyperplanes_n_features20_n_hyperplanes3_dim_hyperplanes5_seed11,B,L2,linear,2,0.1,0.6983333333333334,0.6641666666666667,14,44,0.0,7.7227329590241425,d21_20260822T070952Z
11,hyperplanes_n_features20_n_hyperplanes3_dim_hyperplanes5_seed11,A,L1,h2,3,0.1,0.825,0.8366666666666667,35,65,1.2682955265045166,580.9966063339962,d21_20260822T070952Z
11,hyperplanes_n_features20_n_hyperplanes3_dim_hyperplanes5_seed11,B,L1,h2,3,0.1,0.5383333333333333,0.485,12,42,0.0,7.585284542001318,d21_20260822T070952Z
11,hyperplanes_n_features20_n_hyperplanes3_dim_hyperplanes5_seed11,A,L1,linear,2,0.1,0.8033333333333333,0.815,42,72,1.2756156921386719,640.0502235830063,d21_20260822T070952Z
11,hyperplanes_n_features20_n_hyperplanes3_dim_hyperplanes5_seed11,B,L1,linear,2,0.1,0.6866666666666666,0.6891666666666667,21,51,0.0,7.822230707970448,d21_20260822T070952Z
11,hyperplanes_n_features20_n_hyperplanes3_dim_hyperplanes5_seed11,A,L1,linear,3,0.1,0.825,0.83,46,76,1.269327163696289,677.5688535419758,d21_20260822T070952Z
11,hyperplanes_n_features20_n_hyperplanes3_dim_hyperplanes5_seed11,B,L1,linear,3,0.1,0.7033333333333334,0.6725,42,72,0.0,7.710732708976138,d21_20260822T070952Z
11,hyperplanes_n_features20_n_hyperplanes3_dim_hyperplanes5_seed11,A,L1,linear,1,0.1,0.82,0.8175,55,85,0.9356857538223267,748.6231275000027,d21_20260822T070952Z
11,hyperplanes_n_features20_n_hyperplanes3_dim_hyperplanes5_seed11,B,L1,linear,1,0.1,0.75,0.7816666666666666,64,94,0.0,7.992683375021443,d21_20260822T070952Z
11,hyperplanes_n_features20_n_hyperplanes3_dim_hyperplanes5_seed11,A,L1,h2,2,0.1,0.815,0.8208333333333333,57,87,1.4027706384658813,767.7849025409669,d21_20260822T070952Z
11,hyperplanes_n_features20_n_hyperplanes3_dim_hyperplanes5_seed11,B,L1,h2,2,0.1,0.6916666666666667,0.6783333333333333,15,45,0.0,7.6043367920210585,d21_20260822T070952Z
11,hyperplanes_n_features20_n_hyperplanes3_dim_hyperplanes5_seed11,A,L1,h4,1,0.1,0.815,0.8041666666666667,15,45,1.2672066688537598,393.24268695898354,d21_20260822T070952Z
11,hyperplanes_n_features20_n_hyperplanes3_dim_hyperplanes5_seed11,B,L1,h4,1,0.1,0.7616666666666667,0.7891666666666667,14,44,0.0,7.605393915961031,d21_20260822T070952Z
11,hyperplanes_n_features20_n_hyperplanes3_dim_hyperplanes5_seed11,A,L1,h4,3,0.1,0.5383333333333333,0.485,12,42,0.5402822494506836,365.17688366700895,d21_20260822T070952Z
11,hyperplanes_n_features20_n_hyperplanes3_dim_hyperplanes5_seed11,B,L1,h4,3,0.1,0.5383333333333333,0.485,12,42,0.0,7.897949166013859,d21_20260822T070952Z
11,hyperplanes_n_features20_n_hyperplanes3_dim_hyperplanes5_seed11,A,L2,h2,3,0.1,0.83,0.8275,35,65,1.238149881362915,564.2665892919758,d21_20260822T070952Z
11,hyperplanes_n_features20_n_hyperplanes3_dim_hyperplanes5_seed11,B,L2,h2,3,0.1,0.5383333333333333,0.485,12,42,0.0,7.62366441602353,d21_20260822T070952Z
11,hyperplanes_n_features20_n_hyperplanes3_dim_hyperplanes5_seed11,A,L2,h4,3,0.1,0.5383333333333333,0.485,12,42,0.6386062502861023,366.8135493749869,d21_20260822T070952Z
11,hyperplanes_n_features20_n_hyperplanes3_dim_hyperplanes5_seed11,B,L2,h4,3,0.1,0.76,0.77,19,49,0.0,7.925427375012077,d21_20260822T070952Z
11,hyperplanes_n_features20_n_hyperplanes3_dim_hyperplanes5_seed11,A,L2,h2,2,0.1,0.8283333333333334,0.825,72,102,1.709591031074524,877.9659726669779,d21_20260822T070952Z
11,hyperplanes_n_features20_n_hyperplanes3_dim_hyperplanes5_seed11,B,L2,h2,2,0.1,0.695,0.6691666666666667,16,46,0.0,7.721681708993856,d21_20260822T070952Z
11,hyperplanes_n_features20_n_hyperplanes3_dim_hyperplanes5_seed11,A,L2,h4,1,0.1,0.8933333333333333,0.9066666666666666,51,81,1.6809533834457397,695.929067582998,d21_20260822T070952Z
11,hyperplanes_n_features20_n_hyperplanes3_dim_hyperplanes5_seed11,B,L2,h4,1,0.1,0.7566666666666667,0.7525,20,50,0.0,7.614859332970809,d21_20260822T070952Z
11,hyperplanes_n_features20_n_hyperplanes3_dim_hyperplanes5_seed11,A,L1,h42,2,0.1,0.945,0.9516666666666667,30,60,1.2501119375228882,519.633413417032,d21_20260822T070952Z
11,hyperplanes_n_features20_n_hyperplanes3_dim_hyperplanes5_seed11,B,L1,h42,2,0.1,0.7633333333333333,0.7608333333333334,128,158,0.0,8.75651195901446,d21_20260822T070952Z
11,hyperplanes_n_features20_n_hyperplanes3_dim_hyperplanes5_seed11,A,L1,h42,1,0.1,0.9466666666666667,0.9525,37,67,1.1316279172897339,576.8403038330143,d21_20260822T070952Z
11,hyperplanes_n_features20_n_hyperplanes3_dim_hyperplanes5_seed11,B,L1,h42,1,0.1,0.8833333333333333,0.9016666666666666,69,99,0.0,8.197628709021956,d21_20260822T070952Z
11,hyperplanes_n_features20_n_hyperplanes3_dim_hyperplanes5_seed11,A,L2,h42,1,0.1,0.9316666666666666,0.945,19,49,0.938016414642334,426.0352263340028,d21_20260822T070952Z
11,hyperplanes_n_features20_n_hyperplanes3_dim_hyperplanes5_seed11,B,L2,h42,1,0.1,0.77,0.7525,33,63,0.0,7.906539166986477,d21_20260822T070952Z
11,hyperplanes_n_features20_n_hyperplanes3_dim_hyperplanes5_seed11,A,L2,h4,2,0.1,0.8166666666666667,0.8091666666666667,57,87,1.2926018238067627,749.6639934169943,d21_20260822T070952Z
11,hyperplanes_n_features20_n_hyperplanes3_dim_hyperplanes5_seed11,B,L2,h4,2,0.1,0.6933333333333334,0.6741666666666667,23,53,0.0,7.743552416970488,d21_20260822T070952Z
11,hyperplanes_n_features20_n_hyperplanes3_dim_hyperplanes5_seed11,A,L1,h4,2,0.1,0.8766666666666667,0.87,99,129,1.7213910818099976,1105.487876833009,d21_20260822T070952Z
11,hyperplanes_n_features20_n_hyperplanes3_dim_hyperplanes5_seed11,B,L1,h4,2,0.1,0.715,0.7208333333333333,75,105,0.0,8.44565370795317,d21_20260822T070952Z
11,hyperplanes_n_features20_n_hyperplanes3_dim_hyperplanes5_seed11,A,L1,h42,3,0.1,0.9566666666666667,0.955,59,89,1.466434121131897,773.5545004580054,d21_20260822T070952Z
11,hyperplanes_n_features20_n_hyperplanes3_dim_hyperplanes5_seed11,B,L1,h42,3,0.1,0.6983333333333334,0.6866666666666666,61,91,0.0,8.790549792000093,d21_20260822T070952Z
22,hyperplanes_n_features20_n_hyperplanes3_dim_hyperplanes5_seed22,A,L2,linear,2,0.1,0.815,0.8208333333333333,1,31,0.9562199115753174,283.5576428750064,d21_20260822T070952Z
22,hyperplanes_n_features20_n_hyperplanes3_dim_hyperplanes5_seed22,B,L2,linear,2,0.1,0.6366666666666667,0.625,74,104,0.0,8.27124641701812,d21_20260822T070952Z
11,hyperplanes_n_features20_n_hyperplanes3_dim_hyperplanes5_seed11,A,L2,h42,2,0.1,0.8166666666666667,0.8183333333333334,57,87,1.2445873022079468,765.1211165840505,d21_20260822T070952Z
11,hyperplanes_n_features20_n_hyperplanes3_dim_hyperplanes5_seed11,B,L2,h42,2,0.1,0.695,0.6525,2,32,0.0,8.186936416022945,d21_20260822T070952Z
22,hyperplanes_n_features20_n_hyperplanes3_dim_hyperplanes5_seed22,A,L1,linear,1,0.1,0.8283333333333334,0.8241666666666667,30,60,1.339678168296814,535.6569504169747,d21_20260822T070952Z
22,hyperplanes_n_features20_n_hyperplanes3_dim_hyperplanes5_seed22,B,L1,linear,1,0.1,0.8033333333333333,0.7966666666666666,43,73,0.0,8.162080334033817,d21_20260822T070952Z
22,hyperplanes_n_features20_n_hyperplanes3_dim_hyperplanes5_seed22,A,L1,linear,2,0.1,0.8183333333333334,0.8125,29,59,1.526708722114563,526.8516700000037,d21_20260822T070952Z
22,hyperplanes_n_features20_n_hyperplanes3_dim_hyperplanes5_seed22,B,L1,linear,2,0.1,0.805,0.8,14,44,0.0,7.69743879197631,d21_20260822T070952Z
11,hyperplanes_n_features20_n_hyperplanes3_dim_hyperplanes5_seed11,A,L2,h42,3,0.1,0.955,0.9633333333333334,68,98,1.208589792251587,864.6736226670328,d21_20260822T070952Z
11,hyperplanes_n_features20_n_hyperplanes3_dim_hyperplanes5_seed11,B,L2,h42,3,0.1,0.795,0.7916666666666666,15,45,0.0,8.389817083021626,d21_20260822T070952Z
22,hyperplanes_n_features20_n_hyperplanes3_dim_hyperplanes5_seed22,A,L1,linear,3,0.1,0.8116666666666666,0.8166666666666667,65,95,2.0383083820343018,843.4745764170075,d21_20260822T070952Z
22,hyperplanes_n_features20_n_hyperplanes3_dim_hyperplanes5_seed22,B,L1,linear,3,0.1,0.76,0.7625,168,198,0.0,9.063972125004511,d21_20260822T070952Z
22,hyperplanes_n_features20_n_hyperplanes3_dim_hyperplanes5_seed22,A,L2,h2,3,0.1,0.84,0.835,11,41,0.8700598478317261,370.1181669579819,d21_20260822T070952Z
22,hyperplanes_n_features20_n_hyperplanes3_dim_hyperplanes5_seed22,B,L2,h2,3,0.1,0.8016666666666666,0.7891666666666667,37,67,0.0,8.213120125001296,d21_20260822T070952Z
22,hyperplanes_n_features20_n_hyperplanes3_dim_hyperplanes5_seed22,A,L1,h2,3,0.1,0.8333333333333334,0.8316666666666667,30,60,1.1047613620758057,535.0614194999798,d21_20260822T070952Z
22,hyperplanes_n_features20_n_hyperplanes3_dim_hyperplanes5_seed22,B,L1,h2,3,0.1,0.7466666666666667,0.75,77,107,0.0,8.733646959008183,d21_20260822T070952Z
22,hyperplanes_n_features20_n_hyperplanes3_dim_hyperplanes5_seed22,A,L2,linear,3,0.1,0.825,0.825,60,90,1.3392977714538574,803.3515447080135,d21_20260822T070952Z
22,hyperplanes_n_features20_n_hyperplanes3_dim_hyperplanes5_seed22,B,L2,linear,3,0.1,0.7833333333333333,0.7725,18,48,0.0,8.150207499973476,d21_20260822T070952Z
22,hyperplanes_n_features20_n_hyperplanes3_dim_hyperplanes5_seed22,A,L2,linear,1,0.1,0.8216666666666667,0.815,69,99,1.068242073059082,876.0048954590457,d21_20260822T070952Z
22,hyperplanes_n_features20_n_hyperplanes3_dim_hyperplanes5_seed22,B,L2,linear,1,0.1,0.6366666666666667,0.605,18,48,0.0,8.03258158301469,d21_20260822T070952Z
22,hyperplanes_n_features20_n_hyperplanes3_dim_hyperplanes5_seed22,A,L2,h2,1,0.1,0.85,0.8541666666666666,26,56,1.5595048666000366,504.9497672080179,d21_20260822T070952Z
22,hyperplanes_n_features20_n_hyperplanes3_dim_hyperplanes5_seed22,B,L2,h2,1,0.1,0.6333333333333333,0.6433333333333333,26,56,0.0,8.020935042004567,d21_20260822T070952Z
22,hyperplanes_n_features20_n_hyperplanes3_dim_hyperplanes5_seed22,A,L1,h2,2,0.1,0.85,0.8416666666666667,56,86,1.3617812395095825,770.2006649589748,d21_20260822T070952Z
22,hyperplanes_n_features20_n_hyperplanes3_dim_hyperplanes5_seed22,B,L1,h2,2,0.1,0.8133333333333334,0.8183333333333334,41,71,0.0,8.452457541017793,d21_20260822T070952Z
22,hyperplanes_n_features20_n_hyperplanes3_dim_hyperplanes5_seed22,A,L2,h2,2,0.1,0.84,0.83,38,68,0.9955238103866577,610.1088425419875,d21_20260822T070952Z
22,hyperplanes_n_features20_n_hyperplanes3_dim_hyperplanes5_seed22,B,L2,h2,2,0.1,0.6516666666666666,0.645,17,47,0.0,9.452681708033197,d21_20260822T070952Z
22,hyperplanes_n_features20_n_hyperplanes3_dim_hyperplanes5_seed22,A,L1,h4,1,0.1,0.8416666666666667,0.8325,29,59,1.342466115951538,534.6273767499952,d21_20260822T070952Z
22,hyperplanes_n_features20_n_hyperplanes3_dim_hyperplanes5_seed22,B,L1,h4,1,0.1,0.8166666666666667,0.8091666666666667,79,109,0.0,9.301656708004884,d21_20260822T070952Z
22,hyperplanes_n_features20_n_hyperplanes3_dim_hyperplanes5_seed22,A,L1,h4,2,0.1,0.8316666666666667,0.8266666666666667,11,41,0.9657810926437378,393.3908037499641,d21_20260822T070952Z
22,hyperplanes_n_features20_n_hyperplanes3_dim_hyperplanes5_seed22,B,L1,h4,2,0.1,0.8166666666666667,0.815,12,42,0.0,9.383888125012163,d21_20260822T070952Z
22,hyperplanes_n_features20_n_hyperplanes3_dim_hyperplanes5_seed22,A,L2,h4,1,0.1,0.8116666666666666,0.7941666666666667,21,51,1.2936136722564697,485.2802968749893,d21_20260822T070952Z
22,hyperplanes_n_features20_n_hyperplanes3_dim_hyperplanes5_seed22,B,L2,h4,1,0.1,0.63,0.6091666666666666,7,37,0.0,8.608848290983588,d21_20260822T070952Z
22,hyperplanes_n_features20_n_hyperplanes3_dim_hyperplanes5_seed22,A,L1,h42,3,0.1,0.915,0.8791666666666667,23,53,1.6029579639434814,501.67203133302974,d21_20260822T070952Z
22,hyperplanes_n_features20_n_hyperplanes3_dim_hyperplanes5_seed22,B,L1,h42,3,0.1,0.755,0.7625,43,73,0.0,8.358866416034289,d21_20260822T070952Z
22,hyperplanes_n_features20_n_hyperplanes3_dim_hyperplanes5_seed22,A,L1,h42,2,0.1,0.935,0.9358333333333333,32,62,1.2404314279556274,582.080443416955,d21_20260822T070952Z
22,hyperplanes_n_features20_n_hyperplanes3_dim_hyperplanes5_seed22,B,L1,h42,2,0.1,0.83,0.8333333333333334,42,72,0.0,8.414257083961274,d21_20260822T070952Z
22,hyperplanes_n_features20_n_hyperplanes3_dim_hyperplanes5_seed22,A,L1,h2,1,0.1,0.8616666666666667,0.8516666666666667,135,165,1.6536774635314941,1489.2690727920271,d21_20260822T070952Z
22,hyperplanes_n_features20_n_hyperplanes3_dim_hyperplanes5_seed22,B,L1,h2,1,0.1,0.8166666666666667,0.81,79,109,0.0,8.516230582958087,d21_20260822T070952Z
22,hyperplanes_n_features20_n_hyperplanes3_dim_hyperplanes5_seed22,A,L2,h42,1,0.1,0.905,0.8875,37,67,1.3414760828018188,618.6667998339981,d21_20260822T070952Z
22,hyperplanes_n_features20_n_hyperplanes3_dim_hyperplanes5_seed22,B,L2,h42,1,0.1,0.6666666666666666,0.6783333333333333,55,85,0.0,8.124355000036303,d21_20260822T070952Z
22,hyperplanes_n_features20_n_hyperplanes3_dim_hyperplanes5_seed22,A,L2,h4,2,0.1,0.8433333333333334,0.8458333333333333,67,97,1.249078392982483,889.972537041991,d21_20260822T070952Z
22,hyperplanes_n_features20_n_hyperplanes3_dim_hyperplanes5_seed22,B,L2,h4,2,0.1,0.6516666666666666,0.6558333333333334,43,73,0.0,7.958754124992993,d21_20260822T070952Z
22,hyperplanes_n_features20_n_hyperplanes3_dim_hyperplanes5_seed22,A,L1,h42,1,0.1,0.9466666666666667,0.9575,70,100,1.4700483083724976,915.6686344589689,d21_20260822T070952Z
22,hyperplanes_n_features20_n_hyperplanes3_dim_hyperplanes5_seed22,B,L1,h42,1,0.1,0.8466666666666667,0.8383333333333334,45,75,0.0,8.082638500025496,d21_20260822T070952Z
22,hyperplanes_n_features20_n_hyperplanes3_dim_hyperplanes5_seed22,A,L2,h42,2,0.1,0.86,0.8591666666666666,40,70,1.2443197965621948,628.0043316670344,d21_20260822T070952Z
22,hyperplanes_n_features20_n_hyperplanes3_dim_hyperplanes5_seed22,B,L2,h42,2,0.1,0.6516666666666666,0.6591666666666667,71,101,0.0,8.18882833304815,d21_20260822T070952Z
22,hyperplanes_n_features20_n_hyperplanes3_dim_hyperplanes5_seed22,A,L1,h4,3,0.1,0.8416666666666667,0.8375,82,112,1.364018201828003,1016.6813948749914,d21_20260822T070952Z
22,hyperplanes_n_features20_n_hyperplanes3_dim_hyperplanes5_seed22,B,L1,h4,3,0.1,0.5133333333333333,0.49,46,76,0.0,8.447631666029338,d21_20260822T070952Z
22,hyperplanes_n_features20_n_hyperplanes3_dim_hyperplanes5_seed22,A,L2,h42,3,0.1,0.9366666666666666,0.9341666666666667,36,66,1.6592373847961426,589.2527135420241,d21_20260822T070952Z
22,hyperplanes_n_features20_n_hyperplanes3_dim_hyperplanes5_seed22,B,L2,h42,3,0.1,0.8383333333333334,0.81,20,50,0.0,8.041662333009299,d21_20260822T070952Z
33,hyperplanes_n_features20_n_hyperplanes3_dim_hyperplanes5_seed33,A,L1,linear,3,0.1,0.83,0.8216666666666667,12,42,1.3273593187332153,377.73901604203274,d21_20260822T070952Z
33,hyperplanes_n_features20_n_hyperplanes3_dim_hyperplanes5_seed33,B,L1,linear,3,0.1,0.6916666666666667,0.7241666666666666,66,96,0.0,8.336265167046804,d21_20260822T070952Z
22,hyperplanes_n_features20_n_hyperplanes3_dim_hyperplanes5_seed22,A,L2,h4,3,0.1,0.8383333333333334,0.8316666666666667,103,133,3.0164597034454346,1203.0759496669634,d21_20260822T070952Z
22,hyperplanes_n_features20_n_hyperplanes3_dim_hyperplanes5_seed22,B,L2,h4,3,0.1,0.805,0.8025,3,33,0.0,7.685172458994202,d21_20260822T070952Z
33,hyperplanes_n_features20_n_hyperplanes3_dim_hyperplanes5_seed33,A,L1,linear,2,0.1,0.835,0.8175,30,60,1.0726145505905151,534.9669941250468,d21_20260822T070952Z
33,hyperplanes_n_features20_n_hyperplanes3_dim_hyperplanes5_seed33,B,L1,linear,2,0.1,0.7466666666666667,0.7233333333333334,24,54,0.0,7.955660832987633,d21_20260822T070952Z
33,hyperplanes_n_features20_n_hyperplanes3_dim_hyperplanes5_seed33,A,L1,linear,1,0.1,0.8266666666666667,0.8125,43,73,1.2005562782287598,648.5696572499583,d21_20260822T070952Z
33,hyperplanes_n_features20_n_hyperplanes3_dim_hyperplanes5_seed33,B,L1,linear,1,0.1,0.7416666666666667,0.7516666666666667,13,43,0.0,8.355026167002507,d21_20260822T070952Z
33,hyperplanes_n_features20_n_hyperplanes3_dim_hyperplanes5_seed33,A,L2,linear,1,0.1,0.8233333333333334,0.8041666666666667,25,55,1.4132709503173828,494.83720079198247,d21_20260822T070952Z
33,hyperplanes_n_features20_n_hyperplanes3_dim_hyperplanes5_seed33,B,L2,linear,1,0.1,0.6866666666666666,0.7075,16,46,0.0,8.392102667014115,d21_20260822T070952Z
33,hyperplanes_n_features20_n_hyperplanes3_dim_hyperplanes5_seed33,A,L1,h2,3,0.1,0.5216666666666666,0.4658333333333333,7,37,0.5730361342430115,334.5286958749639,d21_20260822T070952Z
33,hyperplanes_n_features20_n_hyperplanes3_dim_hyperplanes5_seed33,B,L1,h2,3,0.1,0.5216666666666666,0.4658333333333333,7,37,0.0,8.022973207989708,d21_20260822T070952Z
33,hyperplanes_n_features20_n_hyperplanes3_dim_hyperplanes5_seed33,A,L2,linear,3,0.1,0.81,0.7933333333333333,24,54,0.9726594686508179,488.32410304195946,d21_20260822T070952Z
33,hyperplanes_n_features20_n_hyperplanes3_dim_hyperplanes5_seed33,B,L2,linear,3,0.1,0.7683333333333333,0.7658333333333334,27,57,0.0,8.253105208976194,d21_20260822T070952Z
33,hyperplanes_n_features20_n_hyperplanes3_dim_hyperplanes5_seed33,A,L2,h2,2,0.1,0.8316666666666667,0.8258333333333333,18,48,1.082451581954956,436.70634666702244,d21_20260822T070952Z
33,hyperplanes_n_features20_n_hyperplanes3_dim_hyperplanes5_seed33,B,L2,h2,2,0.1,0.6733333333333333,0.6816666666666666,7,37,0.0,7.62096820800798,d21_20260822T070952Z
33,hyperplanes_n_features20_n_hyperplanes3_dim_hyperplanes5_seed33,A,L1,h2,1,0.1,0.8633333333333333,0.8441666666666666,52,82,2.0007877349853516,734.6574160830351,d21_20260822T070952Z
33,hyperplanes_n_features20_n_hyperplanes3_dim_hyperplanes5_seed33,B,L1,h2,1,0.1,0.7983333333333333,0.7933333333333333,74,104,0.0,8.65297862503212,d21_20260822T070952Z
33,hyperplanes_n_features20_n_hyperplanes3_dim_hyperplanes5_seed33,A,L2,linear,2,0.1,0.8233333333333334,0.7808333333333334,62,92,1.0294744968414307,820.615014208015,d21_20260822T070952Z
33,hyperplanes_n_features20_n_hyperplanes3_dim_hyperplanes5_seed33,B,L2,linear,2,0.1,0.665,0.6733333333333333,7,37,0.0,8.378191916970536,d21_20260822T070952Z
33,hyperplanes_n_features20_n_hyperplanes3_dim_hyperplanes5_seed33,A,L2,h2,1,0.1,0.5216666666666666,0.4658333333333333,30,60,0.6094933152198792,543.1056134999963,d21_20260822T070952Z
33,hyperplanes_n_features20_n_hyperplanes3_dim_hyperplanes5_seed33,B,L2,h2,1,0.1,0.7383333333333333,0.7558333333333334,39,69,0.0,8.594742374960333,d21_20260822T070952Z
33,hyperplanes_n_features20_n_hyperplanes3_dim_hyperplanes5_seed33,A,L1,h4,3,0.1,0.5216666666666666,0.4658333333333333,7,37,0.48099809885025024,337.03194562497083,d21_20260822T070952Z
33,hyperplanes_n_features20_n_hyperplanes3_dim_hyperplanes5_seed33,B,L1,h4,3,0.1,0.5216666666666666,0.4658333333333333,7,37,0.0,7.999808332999237,d21_20260822T070952Z
33,hyperplanes_n_features20_n_hyperplanes3_dim_hyperplanes5_seed33,A,L1,h2,2,0.1,0.8416666666666667,0.8316666666666667,66,96,1.6329529285430908,861.0038602080313,d21_20260822T070952Z
33,hyperplanes_n_features20_n_hyperplanes3_dim_hyperplanes5_seed33,B,L1,h2,2,0.1,0.75,0.7416666666666667,25,55,0.0,8.28071583295241,d21_20260822T070952Z
33,hyperplanes_n_features20_n_hyperplanes3_dim_hyperplanes5_seed33,A,L1,h4,2,0.1,0.845,0.8408333333333333,36,66,1.6291977167129517,602.841922749998,d21_20260822T070952Z
33,hyperplanes_n_features20_n_hyperplanes3_dim_hyperplanes5_seed33,B,L1,h4,2,0.1,0.7583333333333333,0.725,39,69,0.0,7.86970104102511,d21_20260822T070952Z
33,hyperplanes_n_features20_n_hyperplanes3_dim_hyperplanes5_seed33,A,L2,h4,2,0.1,0.8416666666666667,0.8325,18,48,1.195191502571106,436.1766356250155,d21_20260822T070952Z
33,hyperplanes_n_features20_n_hyperplanes3_dim_hyperplanes5_seed33,B,L2,h4,2,0.1,0.7116666666666667,0.6941666666666667,82,112,0.0,8.255127457960043,d21_20260822T070952Z
33,hyperplanes_n_features20_n_hyperplanes3_dim_hyperplanes5_seed33,A,L2,h2,3,0.1,0.8533333333333334,0.8316666666666667,64,94,1.2798409461975098,848.2284618330305,d21_20260822T070952Z
33,hyperplanes_n_features20_n_hyperplanes3_dim_hyperplanes5_seed33,B,L2,h2,3,0.1,0.81,0.7816666666666666,55,85,0.0,8.09537612501299,d21_20260822T070952Z
33,hyperplanes_n_features20_n_hyperplanes3_dim_hyperplanes5_seed33,A,L2,h4,1,0.1,0.8316666666666667,0.8116666666666666,47,77,1.9461722373962402,693.6807074589888,d21_20260822T070952Z
33,hyperplanes_n_features20_n_hyperplanes3_dim_hyperplanes5_seed33,B,L2,h4,1,0.1,0.6883333333333334,0.7208333333333333,38,68,0.0,7.990279500023462,d21_20260822T070952Z
33,hyperplanes_n_features20_n_hyperplanes3_dim_hyperplanes5_seed33,A,L1,h42,2,0.1,0.835,0.8025,20,50,1.313888430595398,442.17591708299005,d21_20260822T070952Z
33,hyperplanes_n_features20_n_hyperplanes3_dim_hyperplanes5_seed33,B,L1,h42,2,0.1,0.775,0.7483333333333333,85,115,0.0,7.287700749991927,d21_20260822T070952Z
33,hyperplanes_n_features20_n_hyperplanes3_dim_hyperplanes5_seed33,A,L2,h4,3,0.1,0.8533333333333334,0.835,37,67,2.171354293823242,575.1358347920468,d21_20260822T070952Z
33,hyperplanes_n_features20_n_hyperplanes3_dim_hyperplanes5_seed33,B,L2,h4,3,0.1,0.8116666666666666,0.7858333333333334,59,89,0.0,6.8383760409778915,d21_20260822T070952Z
33,hyperplanes_n_features20_n_hyperplanes3_dim_hyperplanes5_seed33,A,L2,h42,2,0.1,0.8616666666666667,0.8383333333333334,13,43,1.0428216457366943,343.2695561670116,d21_20260822T070952Z
33,hyperplanes_n_features20_n_hyperplanes3_dim_hyperplanes5_seed33,B,L2,h42,2,0.1,0.6733333333333333,0.6825,7,37,0.0,6.220880291017238,d21_20260822T070952Z
33,hyperplanes_n_features20_n_hyperplanes3_dim_hyperplanes5_seed33,A,L1,h42,1,0.1,0.8783333333333333,0.8658333333333333,48,78,1.5123337507247925,648.8525671249954,d21_20260822T070952Z
33,hyperplanes_n_features20_n_hyperplanes3_dim_hyperplanes5_seed33,B,L1,h42,1,0.1,0.835,0.8225,92,122,0.0,6.755484332970809,d21_20260822T070952Z
33,hyperplanes_n_features20_n_hyperplanes3_dim_hyperplanes5_seed33,A,L1,h4,1,0.1,0.84,0.8175,91,121,1.4198887348175049,1026.9493162499857,d21_20260822T070952Z
33,hyperplanes_n_features20_n_hyperplanes3_dim_hyperplanes5_seed33,B,L1,h4,1,0.1,0.7483333333333333,0.7475,3,33,0.0,6.130185791989788,d21_20260822T070952Z
33,hyperplanes_n_features20_n_hyperplanes3_dim_hyperplanes5_seed33,A,L2,h42,1,0.1,0.8866666666666667,0.8566666666666667,48,78,0.9316934943199158,609.7516917909961,d21_20260822T070952Z
33,hyperplanes_n_features20_n_hyperplanes3_dim_hyperplanes5_seed33,B,L2,h42,1,0.1,0.7466666666666667,0.745,26,56,0.0,6.269457624992356,d21_20260822T070952Z
33,hyperplanes_n_features20_n_hyperplanes3_dim_hyperplanes5_seed33,A,L1,h42,3,0.1,0.8733333333333333,0.8558333333333333,69,99,1.5523152351379395,776.363562375016,d21_20260822T070952Z
33,hyperplanes_n_features20_n_hyperplanes3_dim_hyperplanes5_seed33,B,L1,h42,3,0.1,0.5216666666666666,0.4658333333333333,7,37,0.0,5.931856709008571,d21_20260822T070952Z
33,hyperplanes_n_features20_n_hyperplanes3_dim_hyperplanes5_seed33,A,L2,h42,3,0.1,0.8866666666666667,0.8691666666666666,55,85,1.1523704528808594,594.6421907499898,d21_20260822T070952Z
33,hyperplanes_n_features20_n_hyperplanes3_dim_hyperplanes5_seed33,B,L2,h42,3,0.1,0.8216666666666667,0.78,90,120,0.0,6.38063891697675,d21_20260822T070952Z
