status,estimand,exploratory,generator_seed,dilution,ansatz,cell_lr,n,mean,ci95_low,ci95_high,ci90_low,ci90_high,sigma_delta,sigma_ci95_low,sigma_ci95_high,mde_this_series,mde_constant,above_mde,ci95_excludes_zero,p_sign_exact,p_wilcoxon_exact,p_t,n_positive,n_negative,in_sigma_seed_left,in_sigma_seed_right,in_sigma_delta,in_ceiling,ceiling_used,in_ceiling_by_seed,ceiling_by_seed,unpaired_left,unpaired_right
complete contract grid,delta_AB,no,all present in the CSV,h2,L1,"{""11"": 0.03, ""22"": 0.03, ""33"": 0.03}",30,0.03277777777777778,-0.012754100818031341,0.0783096563735869,-0.005019653394705455,0.07057520895026101,0.1215443322058171,0.09609533679085926,0.16543843327849567,0.0645081070211078,0.5307372696891616,no,no,0.0002771615982055664,0.019095301628112793,0.15619612979265807,21,3,0.1986005647289551,0.27795682645232933,0.2696775504288717,,,"{""11"": 0.149608, ""22"": -0.070154, ""33"": 0.471854}","{""11"": 0.212778, ""22"": 0.180556, ""33"": 0.167778}",0,0
complete contract grid,delta_AE,no,all present in the CSV,h2,L1,"{""11"": 0.03, ""22"": 0.03, ""33"": 0.03}",30,-0.032166666666666656,-0.07736053519770615,0.01302720186437284,-0.06968350515216348,0.005350171818830178,0.1206420367401288,0.09538196427001347,0.1642102859392599,0.06402922518919547,0.5307372696891616,no,no,0.043285250663757324,0.16242796182632446,0.1783865472683267,18,7,-0.19489784233570331,-0.24641022302007043,-0.2666290087256721,,,"{""11"": -0.073238, ""22"": -0.565846, ""33"": 0.126656}","{""11"": 0.212778, ""22"": 0.180556, ""33"": 0.167778}",0,0
complete contract grid,delta_AF,no,all present in the CSV,h2,L1,"{""11"": 0.03, ""22"": 0.03, ""33"": 0.03}",30,0.021583333333333343,-0.05005138524049929,0.09321805190716598,-0.037882878656080615,0.0810495453227473,0.1912241335153153,0.15118555657188432,0.26028215779112696,0.10148977452059414,0.5307372696891616,no,no,0.10775214433670044,0.07893145084381104,0.5349373093473649,17,8,0.1307734227071171,0.13222905469849647,0.11286929602745312,,,"{""11"": -0.142167, ""22"": 0.249231, ""33"": 0.298013}","{""11"": 0.212778, ""22"": 0.180556, ""33"": 0.167778}",0,0
complete contract grid,delta_BD_best,yes,all present in the CSV,h2,L1,"{""11"": 0.03, ""22"": 0.03, ""33"": 0.03}",30,-0.13733333333333334,-0.18239923686339654,-0.09226742980327013,-0.17474394408419563,-0.09992272258247104,0.12030044265112916,0.09511189327260486,0.16374532973870584,0.06384792847505784,0.5307372696891616,yes,yes,1.862645149230957e-09,1.862645149230957e-09,4.347996248099828e-07,0,30,-1.1645919915087424,,-1.1415862677380124,,,"{""11"": -0.63094, ""22"": -0.747692, ""33"": -0.850828}","{""11"": 0.212778, ""22"": 0.180556, ""33"": 0.167778}",0,0
complete contract grid,delta_BD_matched,yes,all present in the CSV,h2,L1,"{""11"": 0.03, ""22"": 0.03, ""33"": 0.03}",30,0.0029166666666666672,-0.04530343516273031,0.05113676849606364,-0.037112342375682006,0.042945675709015335,0.12872036596113579,0.10176885005161927,0.17520599512270565,0.0683166955836029,0.5307372696891616,no,no,0.0241195447742939,0.29657962173223495,0.898638885360907,21,8,0.02473344642160558,0.0413138498729923,0.02265893702902685,,,"{""11"": 0.023107, ""22"": 0.045231, ""33"": -0.025828}","{""11"": 0.212778, ""22"": 0.180556, ""33"": 0.167778}",0,0
complete contract grid,delta_AB,no,all present in the CSV,h2,L2,"{""11"": 0.03, ""22"": 0.01, ""33"": 0.01}",30,0.09202777777777778,0.05019362592548381,0.13386192963007174,0.05729994479436484,0.1267556107611907,0.11167349573737613,0.08829125956547192,0.15200287696047793,0.059269286224299236,0.5307372696891616,yes,yes,2.9802322387695312e-06,6.115436553955078e-05,0.00011113251460883479,23,1,0.5938621667092465,0.7685537410609057,0.8240789559789602,,,"{""11"": 0.358355, ""22"": 0.763385, ""33"": 0.369536}","{""11"": 0.212778, ""22"": 0.180556, ""33"": 0.167778}",0,0
complete contract grid,delta_AE,no,all present in the CSV,h2,L2,"{""11"": 0.03, ""22"": 0.01, ""33"": 0.01}",30,-0.009222222222222224,-0.07918018156616681,0.06073573712172236,-0.06729650412794418,0.048852059683499725,0.1867481358813095,0.14764674491107788,0.25418971380390554,0.09911419575718675,0.5307372696891616,no,no,0.012540951371192932,0.10291627049446106,0.7827813418772093,21,7,-0.05951169313234828,-0.07064610884513249,-0.04938320898733651,,,"{""11"": 0.099478, ""22"": -0.147692, ""33"": -0.132119}","{""11"": 0.212778, ""22"": 0.180556, ""33"": 0.167778}",0,0
complete contract grid,delta_AF,no,all present in the CSV,h2,L2,"{""11"": 0.03, ""22"": 0.01, ""33"": 0.01}",30,0.022611111111111106,-0.049794767248352564,0.09501698947057478,-0.03749526464530058,0.0827174868675228,0.1932826934530802,0.15281309449926964,0.26308413896732036,0.10258232900145496,0.5307372696891616,no,no,0.0191572904586792,0.02664928138256073,0.5140877030953813,20,7,0.14591119942690206,0.14654495876221899,0.11698466483032535,,,"{""11"": 0.030548, ""22"": 0.271385, ""33"": 0.07351}","{""11"": 0.212778, ""22"": 0.180556, ""33"": 0.167778}",0,0
complete contract grid,delta_BD_best,yes,all present in the CSV,h2,L2,"{""11"": 0.03, ""22"": 0.01, ""33"": 0.01}",30,-0.17363888888888887,-0.21980193636184628,-0.12747584141593146,-0.21196027301319303,-0.1353175047645847,0.12322919569153203,0.09742742296195468,0.16773176255437514,0.0654023268673151,0.5307372696891616,yes,yes,1.862645149230957e-09,1.862645149230957e-09,1.4068804058518261e-08,0,30,-1.4501145292398796,,-1.409072646416866,,,"{""11"": -0.666971, ""22"": -1.163077, ""33"": -1.007285}","{""11"": 0.212778, ""22"": 0.180556, ""33"": 0.167778}",0,0
complete contract grid,delta_BD_matched,yes,all present in the CSV,h2,L2,"{""11"": 0.03, ""22"": 0.01, ""33"": 0.01}",30,-0.03433333333333334,-0.07654434921111491,0.007877682544448227,-0.06937401288719425,0.000707346220527566,0.11267950927608616,0.08908663363239923,0.1533721987600277,0.05980321510310453,0.5307372696891616,no,no,0.5715881884098053,0.1954231858253479,0.10423111251045383,12,16,-0.2867287726988469,-0.4800322111592367,-0.30469899588584615,,,"{""11"": -0.012924, ""22"": -0.379385, ""33"": -0.189238}","{""11"": 0.212778, ""22"": 0.180556, ""33"": 0.167778}",0,0
complete contract grid,delta_AB,no,all present in the CSV,h4,L1,"{""11"": 0.03, ""22"": 0.01, ""33"": 0.01}",30,0.11824999999999998,0.08913283006273579,0.14736716993726418,0.09407892995892024,0.14242107004107973,0.07772635535564774,0.0614519834851625,0.10579618334412591,0.041252273624346025,0.5307372696891616,yes,yes,1.862645149230957e-09,1.862645149230957e-09,2.182994797023945e-09,30,0,3.2760020131429126,1.8047083787796918,1.521362985038095,,,"{""11"": 0.632507, ""22"": 0.583846, ""33"": 0.68394}","{""11"": 0.212778, ""22"": 0.180556, ""33"": 0.167778}",0,0
complete contract grid,delta_AE,no,all present in the CSV,h4,L1,"{""11"": 0.03, ""22"": 0.01, ""33"": 0.01}",30,0.0036111111111110984,-0.009484831162366371,0.01670705338458857,-0.00726023863298092,0.014482460855203116,0.03495874994233726,0.02763907447208428,0.047583632365855215,0.018553911496142217,0.5307372696891616,no,no,0.09873714670538902,0.26869635842740536,0.657005971157695,20,10,0.10004234477532939,0.07588988582726025,0.10329634546622658,,,"{""11"": -0.168016, ""22"": 0.115385, ""33"": 0.153477}","{""11"": 0.212778, ""22"": 0.180556, ""33"": 0.167778}",0,0
complete contract grid,delta_AF,no,all present in the CSV,h4,L1,"{""11"": 0.03, ""22"": 0.01, ""33"": 0.01}",30,0.02616666666666666,0.007656402907493903,0.04467693042583942,0.010800719949804423,0.0415326133835289,0.04941192230467887,0.03906603647557525,0.06725637356353495,0.026224748734078245,0.5307372696891616,no,yes,5.947612226009369e-05,0.00010164454579353333,0.005934926055081384,26,4,0.7249222213720046,0.8298960260418582,0.5295618030264106,,,"{""11"": 0.101828, ""22"": 0.202615, ""33"": 0.120695}","{""11"": 0.212778, ""22"": 0.180556, ""33"": 0.167778}",0,0
complete contract grid,delta_BD_best,yes,all present in the CSV,h4,L1,"{""11"": 0.03, ""22"": 0.01, ""33"": 0.01}",30,-0.09311111111111112,-0.11774468472495955,-0.06847753749726268,-0.11356020813754998,-0.07266201408467225,0.06575769212855691,0.05198932321239808,0.08950519834471937,0.03490005798137077,0.5307372696891616,yes,yes,1.862645149230957e-09,1.862645149230957e-09,8.47733344635216e-09,0,30,-1.4210435719214303,,-1.415972916584086,,,"{""11"": -0.458225, ""22"": -0.456, ""33"": -0.593046}","{""11"": 0.212778, ""22"": 0.180556, ""33"": 0.167778}",0,0
complete contract grid,delta_BD_matched,yes,all present in the CSV,h4,L1,"{""11"": 0.03, ""22"": 0.01, ""33"": 0.01}",30,0.015555555555555564,-0.0068352536906617165,0.037946364801772846,-0.0030317528859194597,0.034142863997030586,0.05977078129233628,0.0472559538918998,0.0813561951707566,0.031722581270282574,0.5307372696891616,no,no,0.04277394525706768,0.02812008000910282,0.15474095377710445,21,9,0.23740584733770922,0.40360310207784883,0.26025350880849324,,,"{""11"": 0.016841, ""22"": 0.121846, ""33"": 0.125662}","{""11"": 0.212778, ""22"": 0.180556, ""33"": 0.167778}",0,0
complete contract grid,delta_AB,no,all present in the CSV,h4,L2,"{""11"": 0.03, ""22"": 0.01, ""33"": 0.01}",30,0.12852777777777777,0.09915498119630797,0.15790057435924756,0.10414450409414718,0.15291105146140838,0.07840873374024714,0.06199148524140929,0.10672499350583768,0.04161443726508321,0.5307372696891616,yes,yes,1.862645149230957e-09,1.862645149230957e-09,2.3958607964781618e-09,30,0,4.086731503792086,1.7016277380295894,1.6392023139101477,,,"{""11"": 0.38342, ""22"": 0.873692, ""33"": 0.871689}","{""11"": 0.212778, ""22"": 0.180556, ""33"": 0.167778}",0,0
complete contract grid,delta_AE,no,all present in the CSV,h4,L2,"{""11"": 0.03, ""22"": 0.01, ""33"": 0.01}",30,-0.0018611111111111283,-0.016473522860399565,0.01275130063817731,-0.01399132941948884,0.010269107197266585,0.039006864701320976,0.03083959352610209,0.05309366933182218,0.02070239687071363,0.5307372696891616,no,no,0.20048842206597328,0.36250730976462364,0.858359645098436,19,11,-0.05917679074001995,-0.039112479618665395,-0.04771239948049712,,,"{""11"": -0.284726, ""22"": 0.137538, ""33"": 0.179801}","{""11"": 0.212778, ""22"": 0.180556, ""33"": 0.167778}",0,0
complete contract grid,delta_AF,no,all present in the CSV,h4,L2,"{""11"": 0.03, ""22"": 0.01, ""33"": 0.01}",30,0.020694444444444435,0.005219397523301561,0.03616949136558731,0.007848125800638605,0.03354076308825027,0.04130961211991636,0.03266019087291622,0.05622802301376447,0.021924550748442708,0.5307372696891616,no,yes,0.005222879350185394,0.0034055430442094803,0.015136678819442436,23,7,0.658010583601708,0.656340275372807,0.5009595438555848,,,"{""11"": -0.014883, ""22"": 0.224769, ""33"": 0.14702}","{""11"": 0.212778, ""22"": 0.180556, ""33"": 0.167778}",0,0
complete contract grid,delta_BD_best,yes,all present in the CSV,h4,L2,"{""11"": 0.03, ""22"": 0.01, ""33"": 0.01}",30,-0.10886111111111113,-0.1365309476419931,-0.08119127458022915,-0.1318307045933826,-0.08589151762883965,0.07386279475188892,0.05839737657184787,0.10053734978469657,0.03920173801822846,0.5307372696891616,yes,yes,1.862645149230957e-09,1.862645149230957e-09,1.442861795703965e-08,0,30,-1.4412533186379863,,-1.4738287588058965,,,"{""11"": -0.325849, ""22"": -0.723692, ""33"": -0.75447}","{""11"": 0.212778, ""22"": 0.180556, ""33"": 0.167778}",0,0
complete contract grid,delta_BD_matched,yes,all present in the CSV,h4,L2,"{""11"": 0.03, ""22"": 0.01, ""33"": 0.01}",30,-0.0001944444444444323,-0.033508229257864015,0.033119340368975146,-0.027849255258598757,0.027460366369709895,0.08892894062947944,0.07030896747841246,0.12104443163951423,0.04719790314603947,0.5307372696891616,no,no,1.0,0.6371858529746532,0.9905587427707807,15,15,-0.0025743233555665405,-0.005045038775972792,-0.002186514795611712,,,"{""11"": 0.149217, ""22"": -0.145846, ""33"": -0.035762}","{""11"": 0.212778, ""22"": 0.180556, ""33"": 0.167778}",0,0
complete contract grid,delta_AB,no,all present in the CSV,h42,L1,"{""11"": 0.01, ""22"": 0.01, ""33"": 0.01}",30,0.1523888888888889,0.13054378310299575,0.17423399467478207,0.1342545858936703,0.17052319188410753,0.05831406207246197,0.046104243059291845,0.07937340139428839,0.030949446088822757,0.5307372696891616,yes,yes,1.862645149230957e-09,1.862645149230957e-09,8.292519828457186e-15,30,0,6.244286905791943,2.6426189323418265,2.6132442754464282,,,"{""11"": 0.797781, ""22"": 0.794308, ""33"": 0.858278}","{""11"": 0.212778, ""22"": 0.180556, ""33"": 0.167778}",0,0
complete contract grid,delta_AE,no,all present in the CSV,h42,L1,"{""11"": 0.01, ""22"": 0.01, ""33"": 0.01}",30,-0.020694444444444467,-0.027188379302168542,-0.014200509586720391,-0.026085262117537526,-0.015303626771351407,0.017335128705688856,0.013705493304823445,0.023595477318464245,0.009200398878967512,0.5307372696891616,yes,yes,8.430331945419312e-06,2.123415470123291e-07,3.9123140316173474e-07,3,27,-0.8479755276731683,-1.1278655104603712,-1.1937866049793553,,,"{""11"": -0.093211, ""22"": -0.085385, ""33"": -0.159934}","{""11"": 0.212778, ""22"": 0.180556, ""33"": 0.167778}",0,0
complete contract grid,delta_AF,no,all present in the CSV,h42,L1,"{""11"": 0.01, ""22"": 0.01, ""33"": 0.01}",30,-0.009250000000000043,-0.012860651631127316,-0.00563934836887277,-0.0122473144250611,-0.006252685574938986,0.009638395226978446,0.007620304613558739,0.013119172048023554,0.005115455566951587,0.5307372696891616,yes,yes,0.0009122341871261597,6.377696990966797e-06,1.2747781107137169e-05,5,23,-0.3790279875371357,-0.4554521773972124,-0.9597033304993282,,,"{""11"": -0.038773, ""22"": -0.037385, ""33"": -0.075993}","{""11"": 0.212778, ""22"": 0.180556, ""33"": 0.167778}",0,0
complete contract grid,delta_BD_best,yes,all present in the CSV,h42,L1,"{""11"": 0.01, ""22"": 0.01, ""33"": 0.01}",30,-0.04225000000000002,-0.06375853110940505,-0.020741468890594982,-0.06010490186877068,-0.02439509813122935,0.05741559828065824,0.045393899935092755,0.07815046948643302,0.030472597869046273,0.5307372696891616,yes,yes,0.00032491423189640045,0.0004987902939319611,0.0003097953061113772,5,25,-0.7326692300568574,,-0.7358627492388754,,,"{""11"": -0.174282, ""22"": -0.177692, ""33"": -0.343212}","{""11"": 0.212778, ""22"": 0.180556, ""33"": 0.167778}",0,0
complete contract grid,delta_BD_matched,yes,all present in the CSV,h42,L1,"{""11"": 0.01, ""22"": 0.01, ""33"": 0.01}",30,0.034611111111111106,0.009564895464675309,0.059657326757546904,0.013819467075706315,0.055402755146515895,0.06685921268596912,0.052860207004554995,0.09100451823841663,0.035484675994518204,0.5307372696891616,no,yes,0.09873714670538902,0.0062984805554151535,0.006482280168143168,20,10,0.6002010918151504,0.6669450495823138,0.5176715327725433,,,"{""11"": 0.139426, ""22"": 0.199385, ""33"": 0.227483}","{""11"": 0.212778, ""22"": 0.180556, ""33"": 0.167778}",0,0
complete contract grid,delta_AB,no,all present in the CSV,h42,L2,"{""11"": 0.01, ""22"": 0.01, ""33"": 0.01}",30,0.1716666666666666,0.14992902455525337,0.19340430877807985,0.153621572616147,0.1897117607171862,0.05802719491578273,0.045877440249691086,0.0789829360217056,0.030797194997323325,0.5307372696891616,yes,yes,1.862645149230957e-09,1.862645149230957e-09,4.2535399801855177e-16,30,0,6.485816893588728,3.1595471336006278,2.9583829946598925,,,"{""11"": 0.828329, ""22"": 1.033846, ""33"": 0.906457}","{""11"": 0.212778, ""22"": 0.180556, ""33"": 0.167778}",0,0
complete contract grid,delta_AE,no,all present in the CSV,h42,L2,"{""11"": 0.01, ""22"": 0.01, ""33"": 0.01}",30,-0.027305555555555538,-0.03296737478837033,-0.021643736322740748,-0.03200560812011316,-0.02260550299099792,0.015113851194926663,0.01194930766762564,0.02057201530597835,0.00802148411768365,0.5307372696891616,yes,yes,1.862645149230957e-09,1.862645149230957e-09,4.198068306793132e-10,0,30,-1.0316436903556179,-1.4881769084329435,-1.8066576945471926,,,"{""11"": -0.081462, ""22"": -0.179077, ""33"": -0.192219}","{""11"": 0.212778, ""22"": 0.180556, ""33"": 0.167778}",0,0
complete contract grid,delta_AF,no,all present in the CSV,h42,L2,"{""11"": 0.01, ""22"": 0.01, ""33"": 0.01}",30,-0.015861111111111114,-0.02241127299971574,-0.009310949222506488,-0.021298604594543708,-0.01042361762767852,0.017485223038078677,0.013824160832627004,0.023799776200558603,0.009280059535135903,0.5307372696891616,yes,yes,0.001430906355381012,3.137253224849701e-05,5.957711259222508e-05,6,24,-0.5992558974497032,-0.7809705504318533,-0.9071151724269898,,,"{""11"": -0.027023, ""22"": -0.131077, ""33"": -0.108278}","{""11"": 0.212778, ""22"": 0.180556, ""33"": 0.167778}",0,0
complete contract grid,delta_BD_best,yes,all present in the CSV,h42,L2,"{""11"": 0.01, ""22"": 0.01, ""33"": 0.01}",30,-0.06813888888888892,-0.08823239480500725,-0.048045382972770584,-0.08481913425324936,-0.051458643524528475,0.05363828231047399,0.04240747972336548,0.07300902665019343,0.028467835504277422,0.5307372696891616,yes,yes,5.774199962615967e-08,3.725290298461914e-09,2.6084883096244717e-07,1,29,-1.2541050353919654,,-1.2703406215449107,,,"{""11"": -0.193081, ""22"": -0.510923, ""33"": -0.423675}","{""11"": 0.212778, ""22"": 0.180556, ""33"": 0.167778}",0,0
complete contract grid,delta_BD_matched,yes,all present in the CSV,h42,L2,"{""11"": 0.01, ""22"": 0.01, ""33"": 0.01}",30,0.00872222222222221,-0.018328634482205022,0.03577307892664944,-0.013733536819013665,0.031177981263458082,0.07221046912914951,0.057091015474430025,0.09828830898344365,0.03832478722857831,0.5307372696891616,no,no,0.361594608053565,0.5191292725503445,0.5212856176131184,18,12,0.16053362458747508,0.16807443464594402,0.1207888873651047,,,"{""11"": 0.120627, ""22"": -0.133846, ""33"": 0.14702}","{""11"": 0.212778, ""22"": 0.180556, ""33"": 0.167778}",0,0
complete contract grid,delta_AB,no,all present in the CSV,linear,L1,"{""11"": 0.03, ""22"": 0.03, ""33"": 0.03}",30,0.08833333333333333,0.07134246837966914,0.10532419828699753,0.07422868690861517,0.1024379797580515,0.04535598789421394,0.03585933505147866,0.06173569298411141,0.02407211317902977,0.5307372696891616,yes,yes,1.862645149230957e-09,1.862645149230957e-09,2.558343405896035e-11,30,0,12.371929411145937,1.9816002824839147,1.9475561537620485,,,"{""11"": 0.431984, ""22"": 0.377538, ""33"": 0.625331}","{""11"": 0.212778, ""22"": 0.180556, ""33"": 0.167778}",0,0
complete contract grid,delta_AE,no,all present in the CSV,linear,L1,"{""11"": 0.03, ""22"": 0.03, ""33"": 0.03}",30,0.03969444444444445,0.03664704641274878,0.042741842476140116,0.0371647043829663,0.0422241845059226,0.008134827073923188,0.006431554094026574,0.011072610476171023,0.004317455910607464,0.5307372696891616,yes,yes,5.774199962615967e-08,3.725290298461914e-09,6.462442619937936e-12,29,1,5.559587147335706,2.5248836479779055,4.87956831580207,,,"{""11"": 0.239295, ""22"": 0.081231, ""33"": 0.318874}","{""11"": 0.212778, ""22"": 0.180556, ""33"": 0.167778}",0,0
complete contract grid,delta_AF,no,all present in the CSV,linear,L1,"{""11"": 0.03, ""22"": 0.03, ""33"": 0.03}",30,0.01574999999999999,0.01290270626094291,0.01859729373905707,0.013386372746988775,0.018113627253011202,0.00760066192698999,0.0060092326351405805,0.010345538769767125,0.0040339545589610296,0.5307372696891616,yes,yes,0.0005461126565933228,9.093433618545532e-06,1.0926483801761218e-05,24,5,2.205938357270359,1.1082462767556371,2.0721879424832275,,,"{""11"": 0.030548, ""22"": 0.026769, ""33"": 0.214073}","{""11"": 0.212778, ""22"": 0.180556, ""33"": 0.167778}",0,0
complete contract grid,delta_BD_best,yes,all present in the CSV,linear,L1,"{""11"": 0.03, ""22"": 0.03, ""33"": 0.03}",30,-0.10097222222222225,-0.11752951535631624,-0.08441492908812827,-0.11471694716963853,-0.08722749727480598,0.04419859665760958,0.034944278802768104,0.06016032546676928,0.023457842514152213,0.5307372696891616,yes,yes,1.862645149230957e-09,1.862645149230957e-09,1.9416666948074866e-13,0,30,-2.2651311405122745,,-2.2845119496534534,,,"{""11"": -0.435901, ""22"": -0.552462, ""33"": -0.658113}","{""11"": 0.212778, ""22"": 0.180556, ""33"": 0.167778}",0,0
complete contract grid,delta_BD_matched,yes,all present in the CSV,linear,L1,"{""11"": 0.03, ""22"": 0.03, ""33"": 0.03}",30,0.041194444444444436,0.019250434549054715,0.06313845433983416,0.022978038066131138,0.05941085082275774,0.05857808003771845,0.04631298084927943,0.07973276589723736,0.031089570262851873,0.5307372696891616,yes,yes,0.0005461126565933228,0.0004932358860969543,0.0004142290211418997,24,5,0.9241236537495738,0.9545113796592045,0.7032399221333188,,,"{""11"": 0.177023, ""22"": 0.230769, ""33"": 0.263742}","{""11"": 0.212778, ""22"": 0.180556, ""33"": 0.167778}",0,0
complete contract grid,delta_AB,no,all present in the CSV,linear,L2,"{""11"": 0.03, ""22"": 0.03, ""33"": 0.03}",30,0.11219444444444446,0.08801678594501083,0.13637210294387808,0.09212381676056365,0.13226507212832525,0.0645406569472062,0.0510271112892606,0.08784864727406538,0.034254132052105035,0.5307372696891616,yes,yes,1.862645149230957e-09,1.862645149230957e-09,1.7658673361877672e-10,30,0,14.59011807904548,1.7683192678892647,1.738352997184685,,,"{""11"": 0.425326, ""22"": 0.677538, ""33"": 0.737583}","{""11"": 0.212778, ""22"": 0.180556, ""33"": 0.167778}",0,0
complete contract grid,delta_AE,no,all present in the CSV,linear,L2,"{""11"": 0.03, ""22"": 0.03, ""33"": 0.03}",30,0.03600000000000002,0.03262329949973732,0.039376700500262714,0.033196895698467496,0.03880310430153254,0.009013878188659978,0.007126549174372815,0.01226911907969445,0.0047840010991600825,0.5307372696891616,yes,yes,1.862645149230957e-09,1.862645149230957e-09,1.2927639114551258e-12,30,0,4.681553114742003,2.2898874792017962,3.9938414128216495,,,"{""11"": 0.220104, ""22"": 0.09, ""33"": 0.267715}","{""11"": 0.212778, ""22"": 0.180556, ""33"": 0.167778}",0,0
complete contract grid,delta_AF,no,all present in the CSV,linear,L2,"{""11"": 0.03, ""22"": 0.03, ""33"": 0.03}",30,0.01205555555555556,0.009233409175480366,0.014877701935630755,0.009712803908814082,0.01439830720229704,0.007533532718873494,0.005956158964444567,0.01025416675087929,0.003998326586328884,0.5307372696891616,yes,yes,0.00032491423189640045,1.2425705790519714e-05,2.7370774609660462e-05,25,5,1.5677423239182322,0.848287273566044,1.60025263119296,,,"{""11"": 0.011358, ""22"": 0.035538, ""33"": 0.162914}","{""11"": 0.212778, ""22"": 0.180556, ""33"": 0.167778}",0,0
complete contract grid,delta_BD_best,yes,all present in the CSV,linear,L2,"{""11"": 0.03, ""22"": 0.03, ""33"": 0.03}",30,-0.12852777777777782,-0.15205367344824053,-0.10500188210731513,-0.14805735682873272,-0.10899819872682294,0.06280081927200128,0.04965156144398167,0.0854804906194433,0.033330735354664444,0.5307372696891616,yes,yes,1.862645149230957e-09,1.862645149230957e-09,1.203738803386342e-11,0,30,-2.0257522288991407,,-2.0465939659338144,,,"{""11"": -0.448433, ""22"": -0.843692, ""33"": -0.821523}","{""11"": 0.212778, ""22"": 0.180556, ""33"": 0.167778}",0,0
complete contract grid,delta_BD_matched,yes,all present in the CSV,linear,L2,"{""11"": 0.03, ""22"": 0.03, ""33"": 0.03}",30,0.013638888888888883,-0.016099602964904203,0.04337738074268197,-0.011047959835175343,0.03832573761295311,0.07938493303261389,0.06276328757947415,0.1080537340449132,0.042132542612186435,0.5307372696891616,no,no,0.361594608053565,0.3158611599355936,0.35197485339330603,18,12,0.21496527866640963,0.31602500836997255,0.17180702140651283,,,"{""11"": 0.164491, ""22"": -0.060462, ""33"": 0.100331}","{""11"": 0.212778, ""22"": 0.180556, ""33"": 0.167778}",0,0
