status,estimand,dilution,ansatz,level,generator_seed,n,mean,ci95_low,ci95_high,p_sign_exact,sigma,df,ceiling,in_ceiling,diverges_from_pooled,divergence_rule
complete contract grid,delta_AB,h2,L1,per dataset,11,10,0.03183333333333334,-0.05580523195959128,0.11947189862625796,0.0703125,0.12251026663957096,9,0.21277777777777784,0.1496083550913838,no,"any per-dataset 95% CI failing to overlap the pooled 95% CI. On divergence the PER-DATASET reading wins and the divergence is a finding, not a defect."
complete contract grid,delta_AB,h2,L1,per dataset,22,10,-0.01266666666666667,-0.13023826840476627,0.10490493507143292,0.2890625,0.16435376629036272,9,0.1805555555555557,-0.07015384615384612,no,"any per-dataset 95% CI failing to overlap the pooled 95% CI. On divergence the PER-DATASET reading wins and the divergence is a finding, not a defect."
complete contract grid,delta_AB,h2,L1,per dataset,33,10,0.07916666666666668,0.04487316876433713,0.11346016456899621,0.0078125,0.04793900445512139,9,0.1677777777777778,0.47185430463576156,no,"any per-dataset 95% CI failing to overlap the pooled 95% CI. On divergence the PER-DATASET reading wins and the divergence is a finding, not a defect."
complete contract grid,delta_AB,h2,L1,"pooled (generator seed = FIXED effect, NOT a variance component)",11|22|33,30,0.03277777777777778,-0.012754100818031341,0.0783096563735869,0.0002771615982055664,0.1215443322058171,27,per generator seed — see the rows above,per generator seed — see the rows above,no,"any per-dataset 95% CI failing to overlap the pooled 95% CI. On divergence the PER-DATASET reading wins and the divergence is a finding, not a defect."
complete contract grid,delta_AB,h2,L2,per dataset,11,10,0.07625,0.035960057016465374,0.11653994298353462,0.0078125,0.05632145667045092,9,0.21277777777777784,0.3583550913838119,no,"any per-dataset 95% CI failing to overlap the pooled 95% CI. On divergence the PER-DATASET reading wins and the divergence is a finding, not a defect."
complete contract grid,delta_AB,h2,L2,per dataset,22,10,0.13783333333333334,0.04206356746602902,0.23360309920063765,0.0078125,0.13387690126141263,9,0.1805555555555557,0.7633846153846148,no,"any per-dataset 95% CI failing to overlap the pooled 95% CI. On divergence the PER-DATASET reading wins and the divergence is a finding, not a defect."
complete contract grid,delta_AB,h2,L2,per dataset,33,10,0.061999999999999986,-0.029380447676987484,0.15338044767698744,0.0703125,0.12774105752567488,9,0.1677777777777778,0.36953642384105945,no,"any per-dataset 95% CI failing to overlap the pooled 95% CI. On divergence the PER-DATASET reading wins and the divergence is a finding, not a defect."
complete contract grid,delta_AB,h2,L2,"pooled (generator seed = FIXED effect, NOT a variance component)",11|22|33,30,0.09202777777777778,0.05019362592548381,0.13386192963007174,2.9802322387695312e-06,0.11167349573737613,27,per generator seed — see the rows above,per generator seed — see the rows above,no,"any per-dataset 95% CI failing to overlap the pooled 95% CI. On divergence the PER-DATASET reading wins and the divergence is a finding, not a defect."
complete contract grid,delta_AB,h4,L1,per dataset,11,10,0.13458333333333333,0.04768751977227097,0.22147914689439568,0.001953125,0.12147197131361137,9,0.21277777777777784,0.6325065274151433,no,"any per-dataset 95% CI failing to overlap the pooled 95% CI. On divergence the PER-DATASET reading wins and the divergence is a finding, not a defect."
complete contract grid,delta_AB,h4,L1,per dataset,22,10,0.10541666666666663,0.0764850408814694,0.13434829245186386,0.001953125,0.040443624075928976,9,0.1805555555555557,0.5838461538461532,no,"any per-dataset 95% CI failing to overlap the pooled 95% CI. On divergence the PER-DATASET reading wins and the divergence is a finding, not a defect."
complete contract grid,delta_AB,h4,L1,per dataset,33,10,0.11474999999999999,0.08496990244171196,0.14453009755828802,0.001953125,0.04162970582897995,9,0.1677777777777778,0.6839403973509932,no,"any per-dataset 95% CI failing to overlap the pooled 95% CI. On divergence the PER-DATASET reading wins and the divergence is a finding, not a defect."
complete contract grid,delta_AB,h4,L1,"pooled (generator seed = FIXED effect, NOT a variance component)",11|22|33,30,0.11824999999999998,0.08913283006273579,0.14736716993726418,1.862645149230957e-09,0.07772635535564774,27,per generator seed — see the rows above,per generator seed — see the rows above,no,"any per-dataset 95% CI failing to overlap the pooled 95% CI. On divergence the PER-DATASET reading wins and the divergence is a finding, not a defect."
complete contract grid,delta_AB,h4,L2,per dataset,11,10,0.08158333333333333,0.04943959302515453,0.11372707364151213,0.001953125,0.04493385055752429,9,0.21277777777777784,0.3834203655352479,no,"any per-dataset 95% CI failing to overlap the pooled 95% CI. On divergence the PER-DATASET reading wins and the divergence is a finding, not a defect."
complete contract grid,delta_AB,h4,L2,per dataset,22,10,0.15774999999999997,0.09748995718907988,0.21801004281092007,0.001953125,0.08423773127506681,9,0.1805555555555557,0.8736923076923069,no,"any per-dataset 95% CI failing to overlap the pooled 95% CI. On divergence the PER-DATASET reading wins and the divergence is a finding, not a defect."
complete contract grid,delta_AB,h4,L2,per dataset,33,10,0.14624999999999996,0.07715695675910765,0.21534304324089226,0.001953125,0.09658541444726847,9,0.1677777777777778,0.871688741721854,no,"any per-dataset 95% CI failing to overlap the pooled 95% CI. On divergence the PER-DATASET reading wins and the divergence is a finding, not a defect."
complete contract grid,delta_AB,h4,L2,"pooled (generator seed = FIXED effect, NOT a variance component)",11|22|33,30,0.12852777777777777,0.09915498119630797,0.15790057435924756,1.862645149230957e-09,0.07840873374024714,27,per generator seed — see the rows above,per generator seed — see the rows above,no,"any per-dataset 95% CI failing to overlap the pooled 95% CI. On divergence the PER-DATASET reading wins and the divergence is a finding, not a defect."
complete contract grid,delta_AB,h42,L1,per dataset,11,10,0.16974999999999993,0.12187439468918423,0.21762560531081562,0.001953125,0.06692548140826779,9,0.21277777777777784,0.7977806788511743,no,"any per-dataset 95% CI failing to overlap the pooled 95% CI. On divergence the PER-DATASET reading wins and the divergence is a finding, not a defect."
complete contract grid,delta_AB,h42,L1,per dataset,22,10,0.14341666666666666,0.10199194127153291,0.18484139206180042,0.001953125,0.057907773098135856,9,0.1805555555555557,0.7943076923076917,no,"any per-dataset 95% CI failing to overlap the pooled 95% CI. On divergence the PER-DATASET reading wins and the divergence is a finding, not a defect."
complete contract grid,delta_AB,h42,L1,per dataset,33,10,0.14399999999999996,0.10917997589626449,0.17882002410373543,0.001953125,0.04867503733187329,9,0.1677777777777778,0.8582781456953639,no,"any per-dataset 95% CI failing to overlap the pooled 95% CI. On divergence the PER-DATASET reading wins and the divergence is a finding, not a defect."
complete contract grid,delta_AB,h42,L1,"pooled (generator seed = FIXED effect, NOT a variance component)",11|22|33,30,0.15238888888888885,0.1305437831029957,0.174233994674782,1.862645149230957e-09,0.05831406207246197,27,per generator seed — see the rows above,per generator seed — see the rows above,no,"any per-dataset 95% CI failing to overlap the pooled 95% CI. On divergence the PER-DATASET reading wins and the divergence is a finding, not a defect."
complete contract grid,delta_AB,h42,L2,per dataset,11,10,0.17625000000000002,0.16028316449626673,0.1922168355037333,0.001953125,0.022320096962044383,9,0.21277777777777784,0.8283289817232374,no,"any per-dataset 95% CI failing to overlap the pooled 95% CI. On divergence the PER-DATASET reading wins and the divergence is a finding, not a defect."
complete contract grid,delta_AB,h42,L2,per dataset,22,10,0.1866666666666667,0.1319026115983164,0.241430721735017,0.001953125,0.07655487017916073,9,0.1805555555555557,1.0338461538461532,no,"any per-dataset 95% CI failing to overlap the pooled 95% CI. On divergence the PER-DATASET reading wins and the divergence is a finding, not a defect."
complete contract grid,delta_AB,h42,L2,per dataset,33,10,0.15208333333333335,0.10831990973009128,0.1958467569365754,0.001953125,0.06117704776171785,9,0.1677777777777778,0.9064569536423841,no,"any per-dataset 95% CI failing to overlap the pooled 95% CI. On divergence the PER-DATASET reading wins and the divergence is a finding, not a defect."
complete contract grid,delta_AB,h42,L2,"pooled (generator seed = FIXED effect, NOT a variance component)",11|22|33,30,0.17166666666666672,0.14992902455525348,0.19340430877807996,1.862645149230957e-09,0.05802719491578273,27,per generator seed — see the rows above,per generator seed — see the rows above,no,"any per-dataset 95% CI failing to overlap the pooled 95% CI. On divergence the PER-DATASET reading wins and the divergence is a finding, not a defect."
complete contract grid,delta_AB,linear,L1,per dataset,11,10,0.09191666666666663,0.0569616751300355,0.12687165820329777,0.001953125,0.048863708793306274,9,0.21277777777777784,0.43198433420365506,no,"any per-dataset 95% CI failing to overlap the pooled 95% CI. On divergence the PER-DATASET reading wins and the divergence is a finding, not a defect."
complete contract grid,delta_AB,linear,L1,per dataset,22,10,0.06816666666666667,0.030515609458109327,0.105817723875224,0.001953125,0.052632548724009014,9,0.1805555555555557,0.37753846153846127,no,"any per-dataset 95% CI failing to overlap the pooled 95% CI. On divergence the PER-DATASET reading wins and the divergence is a finding, not a defect."
complete contract grid,delta_AB,linear,L1,per dataset,33,10,0.10491666666666669,0.08214122957773856,0.1276921037555948,0.001953125,0.03183786568471613,9,0.1677777777777778,0.6253311258278146,no,"any per-dataset 95% CI failing to overlap the pooled 95% CI. On divergence the PER-DATASET reading wins and the divergence is a finding, not a defect."
complete contract grid,delta_AB,linear,L1,"pooled (generator seed = FIXED effect, NOT a variance component)",11|22|33,30,0.08833333333333333,0.07134246837966914,0.10532419828699753,1.862645149230957e-09,0.04535598789421394,27,per generator seed — see the rows above,per generator seed — see the rows above,no,"any per-dataset 95% CI failing to overlap the pooled 95% CI. On divergence the PER-DATASET reading wins and the divergence is a finding, not a defect."
complete contract grid,delta_AB,linear,L2,per dataset,11,10,0.09050000000000001,0.062115438610194994,0.11888456138980502,0.001953125,0.03967888078369794,9,0.21277777777777784,0.42532637075718005,no,"any per-dataset 95% CI failing to overlap the pooled 95% CI. On divergence the PER-DATASET reading wins and the divergence is a finding, not a defect."
complete contract grid,delta_AB,linear,L2,per dataset,22,10,0.12233333333333334,0.06487424452800711,0.17979242213865956,0.001953125,0.08032226756427302,9,0.1805555555555557,0.6775384615384611,no,"any per-dataset 95% CI failing to overlap the pooled 95% CI. On divergence the PER-DATASET reading wins and the divergence is a finding, not a defect."
complete contract grid,delta_AB,linear,L2,per dataset,33,10,0.12375,0.07592043829803727,0.17157956170196273,0.001953125,0.06686111688131814,9,0.1677777777777778,0.7375827814569536,no,"any per-dataset 95% CI failing to overlap the pooled 95% CI. On divergence the PER-DATASET reading wins and the divergence is a finding, not a defect."
complete contract grid,delta_AB,linear,L2,"pooled (generator seed = FIXED effect, NOT a variance component)",11|22|33,30,0.11219444444444444,0.08801678594501083,0.13637210294387805,1.862645149230957e-09,0.0645406569472062,27,per generator seed — see the rows above,per generator seed — see the rows above,no,"any per-dataset 95% CI failing to overlap the pooled 95% CI. On divergence the PER-DATASET reading wins and the divergence is a finding, not a defect."
complete contract grid,delta_AE,h2,L1,per dataset,11,10,-0.015583333333333315,-0.09501478318070077,0.06384811651403415,0.0703125,0.11103751034539504,9,0.21277777777777784,-0.07323759791122705,no,"any per-dataset 95% CI failing to overlap the pooled 95% CI. On divergence the PER-DATASET reading wins and the divergence is a finding, not a defect."
complete contract grid,delta_AE,h2,L1,per dataset,22,10,-0.10216666666666667,-0.22741536345711066,0.02308203012377731,0.5078125,0.17508560516445226,9,0.1805555555555557,-0.5658461538461534,no,"any per-dataset 95% CI failing to overlap the pooled 95% CI. On divergence the PER-DATASET reading wins and the divergence is a finding, not a defect."
complete contract grid,delta_AE,h2,L1,per dataset,33,10,0.021250000000000012,0.0026066784446770117,0.03989332155532301,0.0078125,0.02606156647083173,9,0.1677777777777778,0.1266556291390729,no,"any per-dataset 95% CI failing to overlap the pooled 95% CI. On divergence the PER-DATASET reading wins and the divergence is a finding, not a defect."
complete contract grid,delta_AE,h2,L1,"pooled (generator seed = FIXED effect, NOT a variance component)",11|22|33,30,-0.032166666666666656,-0.07736053519770615,0.01302720186437284,0.043285250663757324,0.1206420367401288,27,per generator seed — see the rows above,per generator seed — see the rows above,no,"any per-dataset 95% CI failing to overlap the pooled 95% CI. On divergence the PER-DATASET reading wins and the divergence is a finding, not a defect."
complete contract grid,delta_AE,h2,L2,per dataset,11,10,0.021166666666666677,-0.09263419308406814,0.1349675264174015,0.0390625,0.1590826324606721,9,0.21277777777777784,0.09947780678851177,no,"any per-dataset 95% CI failing to overlap the pooled 95% CI. On divergence the PER-DATASET reading wins and the divergence is a finding, not a defect."
complete contract grid,delta_AE,h2,L2,per dataset,22,10,-0.026666666666666672,-0.1644068454678118,0.11107351213447847,0.34375,0.1925474929388514,9,0.1805555555555557,-0.14769230769230762,no,"any per-dataset 95% CI failing to overlap the pooled 95% CI. On divergence the PER-DATASET reading wins and the divergence is a finding, not a defect."
complete contract grid,delta_AE,h2,L2,per dataset,33,10,-0.022166666666666678,-0.16919431417163638,0.12486098083830303,0.5078125,0.20553047895087917,9,0.1677777777777778,-0.1321192052980133,no,"any per-dataset 95% CI failing to overlap the pooled 95% CI. On divergence the PER-DATASET reading wins and the divergence is a finding, not a defect."
complete contract grid,delta_AE,h2,L2,"pooled (generator seed = FIXED effect, NOT a variance component)",11|22|33,30,-0.009222222222222224,-0.07918018156616681,0.06073573712172236,0.012540951371192932,0.1867481358813095,27,per generator seed — see the rows above,per generator seed — see the rows above,no,"any per-dataset 95% CI failing to overlap the pooled 95% CI. On divergence the PER-DATASET reading wins and the divergence is a finding, not a defect."
complete contract grid,delta_AE,h4,L1,per dataset,11,10,-0.03575000000000002,-0.06986855599632072,-0.0016314440036793165,0.109375,0.047694452533487995,9,0.21277777777777784,-0.1680156657963447,no,"any per-dataset 95% CI failing to overlap the pooled 95% CI. On divergence the PER-DATASET reading wins and the divergence is a finding, not a defect."
complete contract grid,delta_AE,h4,L1,per dataset,22,10,0.020833333333333304,-0.0020985529055438518,0.04376521957221046,0.109375,0.03205656651592813,9,0.1805555555555557,0.11538461538461514,no,"any per-dataset 95% CI failing to overlap the pooled 95% CI. On divergence the PER-DATASET reading wins and the divergence is a finding, not a defect."
complete contract grid,delta_AE,h4,L1,per dataset,33,10,0.025750000000000006,0.012102641253699316,0.039397358746300695,0.001953125,0.01907769203371658,9,0.1677777777777778,0.153476821192053,no,"any per-dataset 95% CI failing to overlap the pooled 95% CI. On divergence the PER-DATASET reading wins and the divergence is a finding, not a defect."
complete contract grid,delta_AE,h4,L1,"pooled (generator seed = FIXED effect, NOT a variance component)",11|22|33,30,0.0036111111111110975,-0.009484831162366371,0.016707053384588565,0.09873714670538902,0.03495874994233726,27,per generator seed — see the rows above,per generator seed — see the rows above,no,"any per-dataset 95% CI failing to overlap the pooled 95% CI. On divergence the PER-DATASET reading wins and the divergence is a finding, not a defect."
complete contract grid,delta_AE,h4,L2,per dataset,11,10,-0.06058333333333334,-0.10106373796712326,-0.020102928699543422,0.021484375,0.05658770369856461,9,0.21277777777777784,-0.28472584856396865,YES,"any per-dataset 95% CI failing to overlap the pooled 95% CI. On divergence the PER-DATASET reading wins and the divergence is a finding, not a defect."
complete contract grid,delta_AE,h4,L2,per dataset,22,10,0.02483333333333332,0.005174471086395908,0.04449219558027073,0.109375,0.02748119446790324,9,0.1805555555555557,0.13753846153846136,no,"any per-dataset 95% CI failing to overlap the pooled 95% CI. On divergence the PER-DATASET reading wins and the divergence is a finding, not a defect."
complete contract grid,delta_AE,h4,L2,per dataset,33,10,0.03016666666666664,0.012538928034810274,0.04779440529852301,0.001953125,0.024641879437701613,9,0.1677777777777778,0.17980132450331107,no,"any per-dataset 95% CI failing to overlap the pooled 95% CI. On divergence the PER-DATASET reading wins and the divergence is a finding, not a defect."
complete contract grid,delta_AE,h4,L2,"pooled (generator seed = FIXED effect, NOT a variance component)",11|22|33,30,-0.0018611111111111283,-0.016473522860399565,0.01275130063817731,0.20048842206597328,0.039006864701320976,27,per generator seed — see the rows above,per generator seed — see the rows above,DIVERGENCE: [11],"any per-dataset 95% CI failing to overlap the pooled 95% CI. On divergence the PER-DATASET reading wins and the divergence is a finding, not a defect."
complete contract grid,delta_AE,h42,L1,per dataset,11,10,-0.01983333333333336,-0.03072729554281501,-0.008939371123851706,0.021484375,0.0152287090801195,9,0.21277777777777784,-0.09321148825065283,no,"any per-dataset 95% CI failing to overlap the pooled 95% CI. On divergence the PER-DATASET reading wins and the divergence is a finding, not a defect."
complete contract grid,delta_AE,h42,L1,per dataset,22,10,-0.01541666666666668,-0.022664825684923125,-0.008168507648410235,0.001953125,0.0101322276443553,9,0.1805555555555557,-0.08538461538461539,no,"any per-dataset 95% CI failing to overlap the pooled 95% CI. On divergence the PER-DATASET reading wins and the divergence is a finding, not a defect."
complete contract grid,delta_AE,h42,L1,per dataset,33,10,-0.026833333333333365,-0.043866407054932534,-0.009800259611734197,0.109375,0.023810595213989115,9,0.1677777777777778,-0.15993377483443724,no,"any per-dataset 95% CI failing to overlap the pooled 95% CI. On divergence the PER-DATASET reading wins and the divergence is a finding, not a defect."
complete contract grid,delta_AE,h42,L1,"pooled (generator seed = FIXED effect, NOT a variance component)",11|22|33,30,-0.02069444444444447,-0.027188379302168546,-0.014200509586720395,8.430331945419312e-06,0.017335128705688856,27,per generator seed — see the rows above,per generator seed — see the rows above,no,"any per-dataset 95% CI failing to overlap the pooled 95% CI. On divergence the PER-DATASET reading wins and the divergence is a finding, not a defect."
complete contract grid,delta_AE,h42,L2,per dataset,11,10,-0.0173333333333333,-0.023940561254681997,-0.010726105411984608,0.001953125,0.009236267751386806,9,0.21277777777777784,-0.08146214099216692,no,"any per-dataset 95% CI failing to overlap the pooled 95% CI. On divergence the PER-DATASET reading wins and the divergence is a finding, not a defect."
complete contract grid,delta_AE,h42,L2,per dataset,22,10,-0.03233333333333331,-0.04766315634933782,-0.0170035103173288,0.001953125,0.02142961490698624,9,0.1805555555555557,-0.17907692307692283,no,"any per-dataset 95% CI failing to overlap the pooled 95% CI. On divergence the PER-DATASET reading wins and the divergence is a finding, not a defect."
complete contract grid,delta_AE,h42,L2,per dataset,33,10,-0.03225,-0.04073681225906977,-0.023763187740930232,0.001953125,0.01186374547898444,9,0.1677777777777778,-0.1922185430463576,no,"any per-dataset 95% CI failing to overlap the pooled 95% CI. On divergence the PER-DATASET reading wins and the divergence is a finding, not a defect."
complete contract grid,delta_AE,h42,L2,"pooled (generator seed = FIXED effect, NOT a variance component)",11|22|33,30,-0.027305555555555538,-0.03296737478837033,-0.021643736322740748,1.862645149230957e-09,0.015113851194926663,27,per generator seed — see the rows above,per generator seed — see the rows above,no,"any per-dataset 95% CI failing to overlap the pooled 95% CI. On divergence the PER-DATASET reading wins and the divergence is a finding, not a defect."
complete contract grid,delta_AE,linear,L1,per dataset,11,10,0.050916666666666645,0.04461752034685862,0.05721581298647467,0.001953125,0.008805599368976161,9,0.21277777777777784,0.23929503916449069,YES,"any per-dataset 95% CI failing to overlap the pooled 95% CI. On divergence the PER-DATASET reading wins and the divergence is a finding, not a defect."
complete contract grid,delta_AE,linear,L1,per dataset,22,10,0.014666666666666661,0.007816492794909449,0.021516840538423874,0.021484375,0.009575882772058016,9,0.1805555555555557,0.08123076923076913,YES,"any per-dataset 95% CI failing to overlap the pooled 95% CI. On divergence the PER-DATASET reading wins and the divergence is a finding, not a defect."
complete contract grid,delta_AE,linear,L1,per dataset,33,10,0.05350000000000003,0.04962846334671271,0.05737153665328734,0.001953125,0.005412035056870032,9,0.1677777777777778,0.31887417218543057,YES,"any per-dataset 95% CI failing to overlap the pooled 95% CI. On divergence the PER-DATASET reading wins and the divergence is a finding, not a defect."
complete contract grid,delta_AE,linear,L1,"pooled (generator seed = FIXED effect, NOT a variance component)",11|22|33,30,0.03969444444444444,0.03664704641274877,0.042741842476140116,5.774199962615967e-08,0.008134827073923188,27,per generator seed — see the rows above,per generator seed — see the rows above,"DIVERGENCE: [11, 22, 33]","any per-dataset 95% CI failing to overlap the pooled 95% CI. On divergence the PER-DATASET reading wins and the divergence is a finding, not a defect."
complete contract grid,delta_AE,linear,L2,per dataset,11,10,0.04683333333333335,0.040722871931247615,0.05294379473541909,0.001953125,0.008541836041681152,9,0.21277777777777784,0.22010443864229767,YES,"any per-dataset 95% CI failing to overlap the pooled 95% CI. On divergence the PER-DATASET reading wins and the divergence is a finding, not a defect."
complete contract grid,delta_AE,linear,L2,per dataset,22,10,0.016249999999999997,0.010923601449755509,0.021576398550244485,0.001953125,0.007445791752044556,9,0.1805555555555557,0.08999999999999991,YES,"any per-dataset 95% CI failing to overlap the pooled 95% CI. On divergence the PER-DATASET reading wins and the divergence is a finding, not a defect."
complete contract grid,delta_AE,linear,L2,per dataset,33,10,0.044916666666666695,0.03723374607783428,0.05259958725549911,0.001953125,0.010739982412565784,9,0.1677777777777778,0.2677152317880796,no,"any per-dataset 95% CI failing to overlap the pooled 95% CI. On divergence the PER-DATASET reading wins and the divergence is a finding, not a defect."
complete contract grid,delta_AE,linear,L2,"pooled (generator seed = FIXED effect, NOT a variance component)",11|22|33,30,0.03600000000000001,0.032623299499737315,0.03937670050026271,1.862645149230957e-09,0.009013878188659978,27,per generator seed — see the rows above,per generator seed — see the rows above,"DIVERGENCE: [11, 22]","any per-dataset 95% CI failing to overlap the pooled 95% CI. On divergence the PER-DATASET reading wins and the divergence is a finding, not a defect."
