run_id,timestamp_utc,dataset_seed,dataset,arm,ansatz_level,dilution,rff_width,seed,lr,lr_grid,in_selection,val_accuracy,test_accuracy,train_accuracy,best_epoch,epochs_run,theta_displacement,wall_seconds
a7_20260831T055216Z,2026-08-31T05:52:35+00:00,11,hyperplanes_n_features20_n_hyperplanes3_dim_hyperplanes5_seed11,B,L1,linear,,1,0.001,0.001 0.003 0.01 0.03,True,0.705,0.7258333333333333,0.7200000286102295,95,125,0.0,1.2661197920006089
a7_20260831T055216Z,2026-08-31T05:52:36+00:00,11,hyperplanes_n_features20_n_hyperplanes3_dim_hyperplanes5_seed11,B,L1,linear,,1,0.003,0.001 0.003 0.01 0.03,True,0.705,0.735,0.7252380847930908,57,87,0.0,0.5823292079994644
a7_20260831T055216Z,2026-08-31T05:52:37+00:00,11,hyperplanes_n_features20_n_hyperplanes3_dim_hyperplanes5_seed11,B,L1,linear,,1,0.01,0.001 0.003 0.01 0.03,True,0.7283333333333334,0.7466666666666667,0.7376190423965454,135,165,0.0,0.9606085000004896
a7_20260831T055216Z,2026-08-31T05:52:37+00:00,11,hyperplanes_n_features20_n_hyperplanes3_dim_hyperplanes5_seed11,B,L1,linear,,1,0.03,0.001 0.003 0.01 0.03,True,0.73,0.7625,0.7519047856330872,57,87,0.0,0.5188705000000482
a7_20260831T055216Z,2026-08-31T05:52:36+00:00,11,hyperplanes_n_features20_n_hyperplanes3_dim_hyperplanes5_seed11,B,L2,linear,,1,0.001,0.001 0.003 0.01 0.03,True,0.7316666666666667,0.7091666666666666,0.7028571367263794,288,300,0.0,2.3003056249999645
a7_20260831T055216Z,2026-08-31T05:52:37+00:00,11,hyperplanes_n_features20_n_hyperplanes3_dim_hyperplanes5_seed11,B,L2,linear,,1,0.003,0.001 0.003 0.01 0.03,True,0.745,0.7133333333333334,0.7133333086967468,188,218,0.0,1.331586750000497
a7_20260831T055216Z,2026-08-31T05:52:38+00:00,11,hyperplanes_n_features20_n_hyperplanes3_dim_hyperplanes5_seed11,B,L2,linear,,1,0.01,0.001 0.003 0.01 0.03,True,0.7483333333333333,0.715,0.7135714292526245,55,85,0.0,0.4997492920001605
a7_20260831T055216Z,2026-08-31T05:52:38+00:00,11,hyperplanes_n_features20_n_hyperplanes3_dim_hyperplanes5_seed11,B,L2,linear,,1,0.03,0.001 0.003 0.01 0.03,True,0.7433333333333333,0.72,0.7157142758369446,25,55,0.0,0.33924129200022435
a7_20260831T055216Z,2026-08-31T05:52:37+00:00,11,hyperplanes_n_features20_n_hyperplanes3_dim_hyperplanes5_seed11,E,,linear,,1,0.001,0.001 0.003 0.01 0.03 0.1,False,0.7333333333333333,0.7591666666666667,0.7528571486473083,13,43,0.0,0.2522287909996521
a7_20260831T055216Z,2026-08-31T05:52:38+00:00,11,hyperplanes_n_features20_n_hyperplanes3_dim_hyperplanes5_seed11,E,,linear,,1,0.003,0.001 0.003 0.01 0.03 0.1,False,0.74,0.755,0.7450000047683716,68,98,0.0,0.5715890829997079
a7_20260831T055216Z,2026-08-31T05:52:38+00:00,11,hyperplanes_n_features20_n_hyperplanes3_dim_hyperplanes5_seed11,E,,linear,,1,0.01,0.001 0.003 0.01 0.03 0.1,False,0.74,0.7583333333333333,0.7483333349227905,21,51,0.0,0.30371987499984243
a7_20260831T055216Z,2026-08-31T05:52:38+00:00,11,hyperplanes_n_features20_n_hyperplanes3_dim_hyperplanes5_seed11,E,,linear,,1,0.03,0.001 0.003 0.01 0.03 0.1,False,0.7433333333333333,0.765,0.7580952644348145,13,43,0.0,0.2703434169998218
a7_20260831T055216Z,2026-08-31T05:52:39+00:00,11,hyperplanes_n_features20_n_hyperplanes3_dim_hyperplanes5_seed11,E,,linear,,1,0.1,0.001 0.003 0.01 0.03 0.1,False,0.75,0.7658333333333334,0.760952353477478,10,40,0.0,0.24230037500001345
a7_20260831T055216Z,2026-08-31T05:52:39+00:00,11,hyperplanes_n_features20_n_hyperplanes3_dim_hyperplanes5_seed11,D_best,,linear,128,1,0.001,0.001 0.003 0.01 0.03,False,0.7716666666666666,0.7725,0.7652381062507629,1,31,0.0,0.21992745799980185
a7_20260831T055216Z,2026-08-31T05:52:40+00:00,11,hyperplanes_n_features20_n_hyperplanes3_dim_hyperplanes5_seed11,D_best,,linear,128,1,0.003,0.001 0.003 0.01 0.03,False,0.8016666666666666,0.8116666666666666,0.8154761791229248,56,86,0.0,0.6349880830002803
a7_20260831T055216Z,2026-08-31T05:52:41+00:00,11,hyperplanes_n_features20_n_hyperplanes3_dim_hyperplanes5_seed11,D_best,,linear,128,1,0.01,0.001 0.003 0.01 0.03,False,0.8183333333333334,0.8283333333333334,0.8280952572822571,109,139,0.0,0.995891790999849
a7_20260831T055216Z,2026-08-31T05:52:41+00:00,11,hyperplanes_n_features20_n_hyperplanes3_dim_hyperplanes5_seed11,D_best,,linear,128,1,0.03,0.001 0.003 0.01 0.03,False,0.8266666666666667,0.8216666666666667,0.8319047689437866,29,59,0.0,0.4448242079997726
a7_20260831T055216Z,2026-08-31T05:52:40+00:00,11,hyperplanes_n_features20_n_hyperplanes3_dim_hyperplanes5_seed11,D_best,,linear,32,1,0.001,0.001 0.003 0.01 0.03,False,0.7833333333333333,0.7941666666666667,0.7952380776405334,294,300,0.0,1.8872311249997438
a7_20260831T055216Z,2026-08-31T05:52:41+00:00,11,hyperplanes_n_features20_n_hyperplanes3_dim_hyperplanes5_seed11,D_best,,linear,32,1,0.003,0.001 0.003 0.01 0.03,False,0.7816666666666666,0.805,0.8026190400123596,57,87,0.0,0.5526857089998884
a7_20260831T055216Z,2026-08-31T05:52:41+00:00,11,hyperplanes_n_features20_n_hyperplanes3_dim_hyperplanes5_seed11,D_best,,linear,32,1,0.01,0.001 0.003 0.01 0.03,False,0.7933333333333333,0.8108333333333333,0.8123809695243835,56,86,0.0,0.5406091659997401
a7_20260831T055216Z,2026-08-31T05:52:42+00:00,11,hyperplanes_n_features20_n_hyperplanes3_dim_hyperplanes5_seed11,D_best,,linear,32,1,0.03,0.001 0.003 0.01 0.03,False,0.7983333333333333,0.8066666666666666,0.8123809695243835,25,55,0.0,0.3382739170001514
a7_20260831T055216Z,2026-08-31T05:52:42+00:00,11,hyperplanes_n_features20_n_hyperplanes3_dim_hyperplanes5_seed11,D_best,,linear,512,1,0.001,0.001 0.003 0.01 0.03,False,0.8133333333333334,0.8141666666666667,0.8185714483261108,130,160,0.0,1.3134544579997964
a7_20260831T055216Z,2026-08-31T05:52:43+00:00,11,hyperplanes_n_features20_n_hyperplanes3_dim_hyperplanes5_seed11,D_best,,linear,512,1,0.003,0.001 0.003 0.01 0.03,False,0.825,0.8233333333333334,0.8302381038665771,79,109,0.0,0.8701739580001231
a7_20260831T055216Z,2026-08-31T05:52:44+00:00,11,hyperplanes_n_features20_n_hyperplanes3_dim_hyperplanes5_seed11,D_best,,linear,512,1,0.01,0.001 0.003 0.01 0.03,False,0.835,0.8266666666666667,0.8361904621124268,99,129,0.0,1.0037864169999011
a7_20260831T055216Z,2026-08-31T05:52:45+00:00,11,hyperplanes_n_features20_n_hyperplanes3_dim_hyperplanes5_seed11,D_best,,linear,512,1,0.03,0.001 0.003 0.01 0.03,False,0.8266666666666667,0.8175,0.822857141494751,33,63,0.0,0.5215030420004041
a7_20260831T055216Z,2026-08-31T05:58:16+00:00,11,hyperplanes_n_features20_n_hyperplanes3_dim_hyperplanes5_seed11,A,L2,linear,,1,0.03,0.001 0.003 0.01 0.03,True,0.8033333333333333,0.8183333333333334,0.8238095045089722,14,44,0.9532207250595093,349.50340241699905
a7_20260831T055216Z,2026-08-31T06:01:51+00:00,11,hyperplanes_n_features20_n_hyperplanes3_dim_hyperplanes5_seed11,A,L1,linear,,1,0.003,0.001 0.003 0.01 0.03,True,0.765,0.7933333333333333,0.7850000262260437,43,73,0.8319787383079529,564.7395152079998
a7_20260831T055216Z,2026-08-31T06:01:56+00:00,11,hyperplanes_n_features20_n_hyperplanes3_dim_hyperplanes5_seed11,A,L2,linear,,1,0.01,0.001 0.003 0.01 0.03,True,0.8133333333333334,0.8291666666666667,0.8280952572822571,43,73,0.8251835703849792,569.8663005839999
a7_20260831T055216Z,2026-08-31T06:03:32+00:00,11,hyperplanes_n_features20_n_hyperplanes3_dim_hyperplanes5_seed11,A,L1,linear,,1,0.001,0.001 0.003 0.01 0.03,True,0.75,0.78,0.7688094973564148,57,87,0.761138379573822,665.5894498749994
a7_20260831T055216Z,2026-08-31T06:03:34+00:00,11,hyperplanes_n_features20_n_hyperplanes3_dim_hyperplanes5_seed11,A,L1,linear,,1,0.03,0.001 0.003 0.01 0.03,True,0.82,0.83,0.8297619223594666,57,87,0.8602797985076904,667.747261208
a7_20260831T055216Z,2026-08-31T06:09:02+00:00,11,hyperplanes_n_features20_n_hyperplanes3_dim_hyperplanes5_seed11,A,L1,linear,,1,0.01,0.001 0.003 0.01 0.03,True,0.8033333333333333,0.8158333333333333,0.808571457862854,105,135,1.0613741874694824,996.161182625
a7_20260831T055216Z,2026-08-31T06:12:37+00:00,11,hyperplanes_n_features20_n_hyperplanes3_dim_hyperplanes5_seed11,A,L2,linear,,1,0.003,0.001 0.003 0.01 0.03,True,0.8,0.8183333333333334,0.814047634601593,135,165,0.8518301248550415,1210.9742324160006
a7_20260831T055216Z,2026-08-31T06:18:26+00:00,11,hyperplanes_n_features20_n_hyperplanes3_dim_hyperplanes5_seed11,A,L2,linear,,1,0.001,0.001 0.003 0.01 0.03,True,0.7883333333333333,0.7966666666666666,0.7954761981964111,187,217,0.8372806310653687,1559.4222912079995
