run_id,timestamp_utc,dataset,dataset_hash,pca_hash,arm,ansatz_level,R,dilution,socket_params_nominal,socket_params_effective,head_params,seed,init_seed,init_spec_id,backend,shots,session_id,calibration_set_id,repeat_index,eval_subset_id,n_eval,split,accuracy,auc,macro_f1,train_accuracy,theta_displacement,grad_rms_start,grad_rms_end,epochs_run,best_epoch,wall_seconds,git_commit,env_hash,lr_selected,lr_grid,g1_margin,patience,max_epochs,feature_scale,rff_width,rff_omega_seed,used_feature_cache,ridge_accuracy,ridge_alpha_selected
a7_20260831T055216Z,2026-08-31T06:18:37+00:00,hyperplanes_n_features20_n_hyperplanes3_dim_hyperplanes5_seed11,4360508611e0e8963c01cd3994e98f0e069bb3b004ae6b18c71eecbf920853d1,2bf856a6c49a9c38010e4b719cd3d58e50f10d0c5c7048ed32accf1d9872633f,E,,,linear,0,,6,1,,,pennylane,,,,0,test_full,1200,test,0.7658333333333334,0.8844765844815891,0.7657863279505401,0.760952353477478,0.0,0.03489751624731956,0.01896409876283731,40,10,1.3423329580000427,31374bd-dirty,440d35196202,0.1,0.001 0.003 0.01 0.03 0.1,0.04416666666666662,30,300,1.0,,,True,0.7516666666666667,1e-06
a7_20260831T055216Z,2026-08-31T06:18:37+00:00,hyperplanes_n_features20_n_hyperplanes3_dim_hyperplanes5_seed11,4360508611e0e8963c01cd3994e98f0e069bb3b004ae6b18c71eecbf920853d1,2bf856a6c49a9c38010e4b719cd3d58e50f10d0c5c7048ed32accf1d9872633f,E,,,linear,0,,6,1,,,pennylane,,,,0,val_full,600,val,0.75,0.864056509930592,0.7469379491851402,0.760952353477478,0.0,0.03489751624731956,0.01896409876283731,40,10,1.3423329580000427,31374bd-dirty,440d35196202,0.1,0.001 0.003 0.01 0.03 0.1,0.04416666666666662,30,300,1.0,,,True,0.7383333333333333,1e-06
a7_20260831T055216Z,2026-08-31T06:18:37+00:00,hyperplanes_n_features20_n_hyperplanes3_dim_hyperplanes5_seed11,4360508611e0e8963c01cd3994e98f0e069bb3b004ae6b18c71eecbf920853d1,2bf856a6c49a9c38010e4b719cd3d58e50f10d0c5c7048ed32accf1d9872633f,D_best,,2,linear,192,,33,1,0xebbfbc7ed33e45eb,RFF-int-spectrum-U0-2pi,pennylane,,,,0,test_full,1200,test,0.8066666666666666,0.9068773006817247,0.8066473313998066,0.8123809695243835,0.0,0.07328244682638416,0.01396431345058057,55,25,1.4654371249998803,31374bd-dirty,440d35196202,0.03,0.001 0.003 0.01 0.03,0.04416666666666662,30,300,1.0,32,0xebbfbc7ed33e45eb,True,0.8025,1e-06
a7_20260831T055216Z,2026-08-31T06:18:37+00:00,hyperplanes_n_features20_n_hyperplanes3_dim_hyperplanes5_seed11,4360508611e0e8963c01cd3994e98f0e069bb3b004ae6b18c71eecbf920853d1,2bf856a6c49a9c38010e4b719cd3d58e50f10d0c5c7048ed32accf1d9872633f,D_best,,2,linear,192,,33,1,0xebbfbc7ed33e45eb,RFF-int-spectrum-U0-2pi,pennylane,,,,0,val_full,600,val,0.7983333333333333,0.8909479049077356,0.7959384442414448,0.8123809695243835,0.0,0.07328244682638416,0.01396431345058057,55,25,1.4654371249998803,31374bd-dirty,440d35196202,0.03,0.001 0.003 0.01 0.03,0.04416666666666662,30,300,1.0,32,0xebbfbc7ed33e45eb,True,0.7816666666666666,1e-06
a7_20260831T055216Z,2026-08-31T06:18:38+00:00,hyperplanes_n_features20_n_hyperplanes3_dim_hyperplanes5_seed11,4360508611e0e8963c01cd3994e98f0e069bb3b004ae6b18c71eecbf920853d1,2bf856a6c49a9c38010e4b719cd3d58e50f10d0c5c7048ed32accf1d9872633f,D_best,,2,linear,768,,129,1,0x8c1cd5484ddd2802,RFF-int-spectrum-U0-2pi,pennylane,,,,0,test_full,1200,test,0.8216666666666667,0.9206980727098835,0.8199254457686687,0.8319047689437866,0.0,0.12600021072719017,0.041688234580005507,59,29,1.557493042000715,31374bd-dirty,440d35196202,0.03,0.001 0.003 0.01 0.03,0.04416666666666662,30,300,1.0,128,0x8c1cd5484ddd2802,True,0.805,0.01
a7_20260831T055216Z,2026-08-31T06:18:38+00:00,hyperplanes_n_features20_n_hyperplanes3_dim_hyperplanes5_seed11,4360508611e0e8963c01cd3994e98f0e069bb3b004ae6b18c71eecbf920853d1,2bf856a6c49a9c38010e4b719cd3d58e50f10d0c5c7048ed32accf1d9872633f,D_best,,2,linear,768,,129,1,0x8c1cd5484ddd2802,RFF-int-spectrum-U0-2pi,pennylane,,,,0,val_full,600,val,0.8266666666666667,0.8949268478054342,0.8186700142971719,0.8319047689437866,0.0,0.12600021072719017,0.041688234580005507,59,29,1.557493042000715,31374bd-dirty,440d35196202,0.03,0.001 0.003 0.01 0.03,0.04416666666666662,30,300,1.0,128,0x8c1cd5484ddd2802,True,0.805,0.01
a7_20260831T055216Z,2026-08-31T06:18:38+00:00,hyperplanes_n_features20_n_hyperplanes3_dim_hyperplanes5_seed11,4360508611e0e8963c01cd3994e98f0e069bb3b004ae6b18c71eecbf920853d1,2bf856a6c49a9c38010e4b719cd3d58e50f10d0c5c7048ed32accf1d9872633f,D_matched,,2,linear,30,,6,1,0x7d4f7004e22ea7b3,RFF-int-spectrum-U0-2pi,pennylane,,,,0,test_full,1200,test,0.6941666666666667,0.7465385513628933,0.6929673202614379,0.7104762196540833,0.0,0.0843849667423007,0.049832080183229176,121,91,1.8517111250002927,31374bd-dirty,440d35196202,0.01,0.001 0.003 0.01 0.03,0.04416666666666662,30,300,1.0,,0x7d4f7004e22ea7b3,True,0.6991666666666667,1e-06
a7_20260831T055216Z,2026-08-31T06:18:38+00:00,hyperplanes_n_features20_n_hyperplanes3_dim_hyperplanes5_seed11,4360508611e0e8963c01cd3994e98f0e069bb3b004ae6b18c71eecbf920853d1,2bf856a6c49a9c38010e4b719cd3d58e50f10d0c5c7048ed32accf1d9872633f,D_matched,,2,linear,30,,6,1,0x7d4f7004e22ea7b3,RFF-int-spectrum-U0-2pi,pennylane,,,,0,val_full,600,val,0.71,0.7704172301639638,0.7099709970997099,0.7104762196540833,0.0,0.0843849667423007,0.049832080183229176,121,91,1.8517111250002927,31374bd-dirty,440d35196202,0.01,0.001 0.003 0.01 0.03,0.04416666666666662,30,300,1.0,,0x7d4f7004e22ea7b3,True,0.7016666666666667,1e-06
a7_20260831T055216Z,2026-08-31T06:18:38+00:00,hyperplanes_n_features20_n_hyperplanes3_dim_hyperplanes5_seed11,4360508611e0e8963c01cd3994e98f0e069bb3b004ae6b18c71eecbf920853d1,2bf856a6c49a9c38010e4b719cd3d58e50f10d0c5c7048ed32accf1d9872633f,D_matched,,2,linear,30,,6,1,0x7d4f7004e22ea7b3,RFF-int-spectrum-U0-2pi,pennylane,,,,0,test_full,1200,test,0.6958333333333333,0.7470584637284667,0.6937489118647125,0.7076190710067749,0.0,0.0843849667423007,0.02508617703262957,64,34,0.4149671249997482,31374bd-dirty,440d35196202,0.03,0.001 0.003 0.01 0.03,0.04416666666666662,30,300,1.0,,0x7d4f7004e22ea7b3,True,0.6991666666666667,1e-06
a7_20260831T055216Z,2026-08-31T06:18:38+00:00,hyperplanes_n_features20_n_hyperplanes3_dim_hyperplanes5_seed11,4360508611e0e8963c01cd3994e98f0e069bb3b004ae6b18c71eecbf920853d1,2bf856a6c49a9c38010e4b719cd3d58e50f10d0c5c7048ed32accf1d9872633f,D_matched,,2,linear,30,,6,1,0x7d4f7004e22ea7b3,RFF-int-spectrum-U0-2pi,pennylane,,,,0,val_full,600,val,0.7116666666666667,0.77058488225235,0.711665865738516,0.7076190710067749,0.0,0.0843849667423007,0.02508617703262957,64,34,0.4149671249997482,31374bd-dirty,440d35196202,0.03,0.001 0.003 0.01 0.03,0.04416666666666662,30,300,1.0,,0x7d4f7004e22ea7b3,True,0.7016666666666667,1e-06
a7_20260831T055216Z,2026-08-31T06:18:39+00:00,hyperplanes_n_features20_n_hyperplanes3_dim_hyperplanes5_seed11,4360508611e0e8963c01cd3994e98f0e069bb3b004ae6b18c71eecbf920853d1,2bf856a6c49a9c38010e4b719cd3d58e50f10d0c5c7048ed32accf1d9872633f,D_best,,2,linear,3072,,513,1,0x767dfcd7c4647a26,RFF-int-spectrum-U0-2pi,pennylane,,,,0,test_full,1200,test,0.8266666666666667,0.9238231074633837,0.8262322472848789,0.8361904621124268,0.0,0.07618514204351838,0.024725345432369632,129,99,1.217176041998755,31374bd-dirty,440d35196202,0.01,0.001 0.003 0.01 0.03,0.04416666666666662,30,300,1.0,512,0x767dfcd7c4647a26,True,0.8158333333333333,1e-06
a7_20260831T055216Z,2026-08-31T06:18:39+00:00,hyperplanes_n_features20_n_hyperplanes3_dim_hyperplanes5_seed11,4360508611e0e8963c01cd3994e98f0e069bb3b004ae6b18c71eecbf920853d1,2bf856a6c49a9c38010e4b719cd3d58e50f10d0c5c7048ed32accf1d9872633f,D_best,,2,linear,3072,,513,1,0x767dfcd7c4647a26,RFF-int-spectrum-U0-2pi,pennylane,,,,0,val_full,600,val,0.835,0.9050753875557442,0.8297872340425532,0.8361904621124268,0.0,0.07618514204351838,0.024725345432369632,129,99,1.217176041998755,31374bd-dirty,440d35196202,0.01,0.001 0.003 0.01 0.03,0.04416666666666662,30,300,1.0,512,0x767dfcd7c4647a26,True,0.81,1e-06
a7_20260831T055216Z,2026-08-31T06:18:45+00:00,hyperplanes_n_features20_n_hyperplanes3_dim_hyperplanes5_seed11,4360508611e0e8963c01cd3994e98f0e069bb3b004ae6b18c71eecbf920853d1,2bf856a6c49a9c38010e4b719cd3d58e50f10d0c5c7048ed32accf1d9872633f,B,L2,2,linear,35,35,6,1,0x9aed96d53998f1c9,U0-2pi,pennylane,,,,0,test_full,1200,test,0.715,0.7850926945361936,0.7146504467973267,0.7135714292526245,0.0,0.021419059202584544,0.014565773348814823,85,55,8.560028375000911,31374bd-dirty,440d35196202,0.01,0.001 0.003 0.01 0.03,0.04416666666666662,30,300,1.0,,,True,0.7191666666666666,1.0
a7_20260831T055216Z,2026-08-31T06:18:45+00:00,hyperplanes_n_features20_n_hyperplanes3_dim_hyperplanes5_seed11,4360508611e0e8963c01cd3994e98f0e069bb3b004ae6b18c71eecbf920853d1,2bf856a6c49a9c38010e4b719cd3d58e50f10d0c5c7048ed32accf1d9872633f,B,L2,2,linear,35,35,6,1,0x9aed96d53998f1c9,U0-2pi,pennylane,,,,0,val_full,600,val,0.7483333333333333,0.7958109331515241,0.7475697317719434,0.7135714292526245,0.0,0.021419059202584544,0.014565773348814823,85,55,8.560028375000911,31374bd-dirty,440d35196202,0.01,0.001 0.003 0.01 0.03,0.04416666666666662,30,300,1.0,,,True,0.74,1.0
a7_20260831T055216Z,2026-08-31T06:18:45+00:00,hyperplanes_n_features20_n_hyperplanes3_dim_hyperplanes5_seed11,4360508611e0e8963c01cd3994e98f0e069bb3b004ae6b18c71eecbf920853d1,2bf856a6c49a9c38010e4b719cd3d58e50f10d0c5c7048ed32accf1d9872633f,B,L1,2,linear,35,35,6,1,0x1ddc9c443a3565bb,U0-2pi,pennylane,,,,0,test_full,1200,test,0.7625,0.8793580889467187,0.7624404451393718,0.7519047856330872,0.0,0.02400048189600189,0.028839180625011472,87,57,8.5743589169997,31374bd-dirty,440d35196202,0.03,0.001 0.003 0.01 0.03,0.04416666666666662,30,300,1.0,,,True,0.7375,1.0
a7_20260831T055216Z,2026-08-31T06:18:45+00:00,hyperplanes_n_features20_n_hyperplanes3_dim_hyperplanes5_seed11,4360508611e0e8963c01cd3994e98f0e069bb3b004ae6b18c71eecbf920853d1,2bf856a6c49a9c38010e4b719cd3d58e50f10d0c5c7048ed32accf1d9872633f,B,L1,2,linear,35,35,6,1,0x1ddc9c443a3565bb,U0-2pi,pennylane,,,,0,val_full,600,val,0.73,0.8476713124923161,0.7274532015836876,0.7519047856330872,0.0,0.02400048189600189,0.028839180625011472,87,57,8.5743589169997,31374bd-dirty,440d35196202,0.03,0.001 0.003 0.01 0.03,0.04416666666666662,30,300,1.0,,,True,0.7016666666666667,1.0
a7_20260831T055216Z,2026-08-31T06:18:45+00:00,hyperplanes_n_features20_n_hyperplanes3_dim_hyperplanes5_seed11,4360508611e0e8963c01cd3994e98f0e069bb3b004ae6b18c71eecbf920853d1,2bf856a6c49a9c38010e4b719cd3d58e50f10d0c5c7048ed32accf1d9872633f,B,L1,2,linear,35,35,6,2,0x68f1fd9add9ea051,U0-2pi,pennylane,,,,0,test_full,1200,test,0.67,0.7561638808260768,0.6697027324592133,0.6800000071525574,0.0,0.016311582390330343,0.04045740377684283,85,55,7.483026957999755,31374bd-dirty,440d35196202,0.03,0.001 0.003 0.01 0.03,0.04416666666666662,30,300,1.0,,,True,0.6791666666666667,1.0
a7_20260831T055216Z,2026-08-31T06:18:45+00:00,hyperplanes_n_features20_n_hyperplanes3_dim_hyperplanes5_seed11,4360508611e0e8963c01cd3994e98f0e069bb3b004ae6b18c71eecbf920853d1,2bf856a6c49a9c38010e4b719cd3d58e50f10d0c5c7048ed32accf1d9872633f,B,L1,2,linear,35,35,6,2,0x68f1fd9add9ea051,U0-2pi,pennylane,,,,0,val_full,600,val,0.68,0.7309631053637491,0.6755843424387497,0.6800000071525574,0.0,0.016311582390330343,0.04045740377684283,85,55,7.483026957999755,31374bd-dirty,440d35196202,0.03,0.001 0.003 0.01 0.03,0.04416666666666662,30,300,1.0,,,True,0.675,1.0
a7_20260831T055216Z,2026-08-31T06:18:45+00:00,hyperplanes_n_features20_n_hyperplanes3_dim_hyperplanes5_seed11,4360508611e0e8963c01cd3994e98f0e069bb3b004ae6b18c71eecbf920853d1,2bf856a6c49a9c38010e4b719cd3d58e50f10d0c5c7048ed32accf1d9872633f,E,,,linear,0,,6,2,,,pennylane,,,,0,test_full,1200,test,0.7708333333333334,0.8833255485492499,0.7707631295417554,0.7621428370475769,0.0,0.029163265415233428,0.013893138264723949,40,10,0.24701804100004665,31374bd-dirty,440d35196202,0.1,0.001 0.003 0.01 0.03 0.1,0.04416666666666662,30,300,1.0,,,True,0.7516666666666667,1e-06
a7_20260831T055216Z,2026-08-31T06:18:45+00:00,hyperplanes_n_features20_n_hyperplanes3_dim_hyperplanes5_seed11,4360508611e0e8963c01cd3994e98f0e069bb3b004ae6b18c71eecbf920853d1,2bf856a6c49a9c38010e4b719cd3d58e50f10d0c5c7048ed32accf1d9872633f,E,,,linear,0,,6,2,,,pennylane,,,,0,val_full,600,val,0.7516666666666667,0.8628494148942115,0.7485309877894073,0.7621428370475769,0.0,0.029163265415233428,0.013893138264723949,40,10,0.24701804100004665,31374bd-dirty,440d35196202,0.1,0.001 0.003 0.01 0.03 0.1,0.04416666666666662,30,300,1.0,,,True,0.7383333333333333,1e-06
a7_20260831T055216Z,2026-08-31T06:18:46+00:00,hyperplanes_n_features20_n_hyperplanes3_dim_hyperplanes5_seed11,4360508611e0e8963c01cd3994e98f0e069bb3b004ae6b18c71eecbf920853d1,2bf856a6c49a9c38010e4b719cd3d58e50f10d0c5c7048ed32accf1d9872633f,B,L2,2,linear,35,35,6,2,0xedbc28bf50f4bc26,U0-2pi,pennylane,,,,0,test_full,1200,test,0.65,0.706332921851889,0.6499844437530558,0.6564285755157471,0.0,0.010602367117646633,0.04367846604132867,52,22,7.436047249999319,31374bd-dirty,440d35196202,0.01,0.001 0.003 0.01 0.03,0.04416666666666662,30,300,1.0,,,True,0.6566666666666666,1.0
a7_20260831T055216Z,2026-08-31T06:18:46+00:00,hyperplanes_n_features20_n_hyperplanes3_dim_hyperplanes5_seed11,4360508611e0e8963c01cd3994e98f0e069bb3b004ae6b18c71eecbf920853d1,2bf856a6c49a9c38010e4b719cd3d58e50f10d0c5c7048ed32accf1d9872633f,B,L2,2,linear,35,35,6,2,0xedbc28bf50f4bc26,U0-2pi,pennylane,,,,0,val_full,600,val,0.6966666666666667,0.7280459590258296,0.6945454545454546,0.6564285755157471,0.0,0.010602367117646633,0.04367846604132867,52,22,7.436047249999319,31374bd-dirty,440d35196202,0.01,0.001 0.003 0.01 0.03,0.04416666666666662,30,300,1.0,,,True,0.6883333333333334,1.0
a7_20260831T055216Z,2026-08-31T06:18:46+00:00,hyperplanes_n_features20_n_hyperplanes3_dim_hyperplanes5_seed11,4360508611e0e8963c01cd3994e98f0e069bb3b004ae6b18c71eecbf920853d1,2bf856a6c49a9c38010e4b719cd3d58e50f10d0c5c7048ed32accf1d9872633f,D_matched,,2,linear,30,,6,2,0xd7b676f707d89334,RFF-int-spectrum-U0-2pi,pennylane,,,,0,test_full,1200,test,0.7533333333333333,0.8484163524950232,0.753030796058505,0.7428571581840515,0.0,0.0866484100717503,0.10236507690569792,36,6,0.2338442499985831,31374bd-dirty,440d35196202,0.01,0.001 0.003 0.01 0.03,0.04416666666666662,30,300,1.0,,0xd7b676f707d89334,True,0.7541666666666667,1e-06
a7_20260831T055216Z,2026-08-31T06:18:46+00:00,hyperplanes_n_features20_n_hyperplanes3_dim_hyperplanes5_seed11,4360508611e0e8963c01cd3994e98f0e069bb3b004ae6b18c71eecbf920853d1,2bf856a6c49a9c38010e4b719cd3d58e50f10d0c5c7048ed32accf1d9872633f,D_matched,,2,linear,30,,6,2,0xd7b676f707d89334,RFF-int-spectrum-U0-2pi,pennylane,,,,0,val_full,600,val,0.745,0.8259547786433594,0.7392630631193566,0.7428571581840515,0.0,0.0866484100717503,0.10236507690569792,36,6,0.2338442499985831,31374bd-dirty,440d35196202,0.01,0.001 0.003 0.01 0.03,0.04416666666666662,30,300,1.0,,0xd7b676f707d89334,True,0.745,1e-06
a7_20260831T055216Z,2026-08-31T06:18:46+00:00,hyperplanes_n_features20_n_hyperplanes3_dim_hyperplanes5_seed11,4360508611e0e8963c01cd3994e98f0e069bb3b004ae6b18c71eecbf920853d1,2bf856a6c49a9c38010e4b719cd3d58e50f10d0c5c7048ed32accf1d9872633f,D_matched,,2,linear,30,,6,2,0xd7b676f707d89334,RFF-int-spectrum-U0-2pi,pennylane,,,,0,test_full,1200,test,0.7566666666666667,0.8558925254951679,0.7565523815346649,0.7473809719085693,0.0,0.0866484100717503,0.08431042820775898,77,47,0.49090283300029114,31374bd-dirty,440d35196202,0.03,0.001 0.003 0.01 0.03,0.04416666666666662,30,300,1.0,,0xd7b676f707d89334,True,0.7541666666666667,1e-06
a7_20260831T055216Z,2026-08-31T06:18:46+00:00,hyperplanes_n_features20_n_hyperplanes3_dim_hyperplanes5_seed11,4360508611e0e8963c01cd3994e98f0e069bb3b004ae6b18c71eecbf920853d1,2bf856a6c49a9c38010e4b719cd3d58e50f10d0c5c7048ed32accf1d9872633f,D_matched,,2,linear,30,,6,2,0xd7b676f707d89334,RFF-int-spectrum-U0-2pi,pennylane,,,,0,val_full,600,val,0.7466666666666667,0.838260441930905,0.7423117349879632,0.7473809719085693,0.0,0.0866484100717503,0.08431042820775898,77,47,0.49090283300029114,31374bd-dirty,440d35196202,0.03,0.001 0.003 0.01 0.03,0.04416666666666662,30,300,1.0,,0xd7b676f707d89334,True,0.745,1e-06
a7_20260831T055216Z,2026-08-31T06:18:47+00:00,hyperplanes_n_features20_n_hyperplanes3_dim_hyperplanes5_seed11,4360508611e0e8963c01cd3994e98f0e069bb3b004ae6b18c71eecbf920853d1,2bf856a6c49a9c38010e4b719cd3d58e50f10d0c5c7048ed32accf1d9872633f,D_best,,2,linear,192,,33,2,0xd5a39cfa401411b8,RFF-int-spectrum-U0-2pi,pennylane,,,,0,test_full,1200,test,0.8091666666666667,0.9166305230262792,0.8091601728114359,0.8071428537368774,0.0,0.08060329825631977,0.042847548796019805,81,51,0.4932907910006179,31374bd-dirty,440d35196202,0.03,0.001 0.003 0.01 0.03,0.04416666666666662,30,300,1.0,32,0xd5a39cfa401411b8,True,0.795,1e-06
a7_20260831T055216Z,2026-08-31T06:18:47+00:00,hyperplanes_n_features20_n_hyperplanes3_dim_hyperplanes5_seed11,4360508611e0e8963c01cd3994e98f0e069bb3b004ae6b18c71eecbf920853d1,2bf856a6c49a9c38010e4b719cd3d58e50f10d0c5c7048ed32accf1d9872633f,D_best,,2,linear,192,,33,2,0xd5a39cfa401411b8,RFF-int-spectrum-U0-2pi,pennylane,,,,0,val_full,600,val,0.8016666666666666,0.8961227660359222,0.7991623325297952,0.8071428537368774,0.0,0.08060329825631977,0.042847548796019805,81,51,0.4932907910006179,31374bd-dirty,440d35196202,0.03,0.001 0.003 0.01 0.03,0.04416666666666662,30,300,1.0,32,0xd5a39cfa401411b8,True,0.775,1e-06
a7_20260831T055216Z,2026-08-31T06:18:47+00:00,hyperplanes_n_features20_n_hyperplanes3_dim_hyperplanes5_seed11,4360508611e0e8963c01cd3994e98f0e069bb3b004ae6b18c71eecbf920853d1,2bf856a6c49a9c38010e4b719cd3d58e50f10d0c5c7048ed32accf1d9872633f,D_best,,2,linear,768,,129,2,0xd8c4a76812405ef6,RFF-int-spectrum-U0-2pi,pennylane,,,,0,test_full,1200,test,0.8233333333333334,0.9177370744781413,0.8230502136752137,0.825952410697937,0.0,0.08366513905367322,0.09381109826218385,96,66,0.7553137079994485,31374bd-dirty,440d35196202,0.03,0.001 0.003 0.01 0.03,0.04416666666666662,30,300,1.0,128,0xd8c4a76812405ef6,True,0.8058333333333333,1e-06
a7_20260831T055216Z,2026-08-31T06:18:47+00:00,hyperplanes_n_features20_n_hyperplanes3_dim_hyperplanes5_seed11,4360508611e0e8963c01cd3994e98f0e069bb3b004ae6b18c71eecbf920853d1,2bf856a6c49a9c38010e4b719cd3d58e50f10d0c5c7048ed32accf1d9872633f,D_best,,2,linear,768,,129,2,0xd8c4a76812405ef6,RFF-int-spectrum-U0-2pi,pennylane,,,,0,val_full,600,val,0.8266666666666667,0.8999899408746969,0.8223052476905377,0.825952410697937,0.0,0.08366513905367322,0.09381109826218385,96,66,0.7553137079994485,31374bd-dirty,440d35196202,0.03,0.001 0.003 0.01 0.03,0.04416666666666662,30,300,1.0,128,0xd8c4a76812405ef6,True,0.8,1e-06
a7_20260831T055216Z,2026-08-31T06:18:47+00:00,hyperplanes_n_features20_n_hyperplanes3_dim_hyperplanes5_seed11,4360508611e0e8963c01cd3994e98f0e069bb3b004ae6b18c71eecbf920853d1,2bf856a6c49a9c38010e4b719cd3d58e50f10d0c5c7048ed32accf1d9872633f,D_best,,2,linear,3072,,513,2,0x1b8ef9557b42386b,RFF-int-spectrum-U0-2pi,pennylane,,,,0,test_full,1200,test,0.82,0.9178816490396913,0.817993376981218,0.8235714435577393,0.0,0.06387801275509075,0.021480414913527236,38,8,0.3628861249999318,31374bd-dirty,440d35196202,0.01,0.001 0.003 0.01 0.03,0.04416666666666662,30,300,1.0,512,0x1b8ef9557b42386b,True,0.8183333333333334,0.0001
a7_20260831T055216Z,2026-08-31T06:18:47+00:00,hyperplanes_n_features20_n_hyperplanes3_dim_hyperplanes5_seed11,4360508611e0e8963c01cd3994e98f0e069bb3b004ae6b18c71eecbf920853d1,2bf856a6c49a9c38010e4b719cd3d58e50f10d0c5c7048ed32accf1d9872633f,D_best,,2,linear,3072,,513,2,0x1b8ef9557b42386b,RFF-int-spectrum-U0-2pi,pennylane,,,,0,val_full,600,val,0.8183333333333334,0.8958656995003967,0.8095288022157567,0.8235714435577393,0.0,0.06387801275509075,0.021480414913527236,38,8,0.3628861249999318,31374bd-dirty,440d35196202,0.01,0.001 0.003 0.01 0.03,0.04416666666666662,30,300,1.0,512,0x1b8ef9557b42386b,True,0.8133333333333334,0.0001
a7_20260831T055216Z,2026-08-31T06:23:52+00:00,hyperplanes_n_features20_n_hyperplanes3_dim_hyperplanes5_seed11,4360508611e0e8963c01cd3994e98f0e069bb3b004ae6b18c71eecbf920853d1,2bf856a6c49a9c38010e4b719cd3d58e50f10d0c5c7048ed32accf1d9872633f,F,product,2,linear,35,20,6,1,0x27078a7f911995bb,U0-2pi,pennylane,,,,0,test_full,1200,test,0.815,0.9036049110866446,0.8141321001677276,0.8088095188140869,1.0811480283737183,0.03736985662674101,0.05825003147455392,44,14,315.80393658400135,31374bd-dirty,440d35196202,0.03,0.001 0.003 0.01 0.03,0.04416666666666662,30,300,1.0,,,False,,
a7_20260831T055216Z,2026-08-31T06:23:52+00:00,hyperplanes_n_features20_n_hyperplanes3_dim_hyperplanes5_seed11,4360508611e0e8963c01cd3994e98f0e069bb3b004ae6b18c71eecbf920853d1,2bf856a6c49a9c38010e4b719cd3d58e50f10d0c5c7048ed32accf1d9872633f,F,product,2,linear,35,20,6,1,0x27078a7f911995bb,U0-2pi,pennylane,,,,0,val_full,600,val,0.805,0.8881537034346325,0.7990789688343432,0.8088095188140869,1.0811480283737183,0.03736985662674101,0.05825003147455392,44,14,315.80393658400135,31374bd-dirty,440d35196202,0.03,0.001 0.003 0.01 0.03,0.04416666666666662,30,300,1.0,,,False,,
a7_20260831T055216Z,2026-08-31T06:24:47+00:00,hyperplanes_n_features20_n_hyperplanes3_dim_hyperplanes5_seed11,4360508611e0e8963c01cd3994e98f0e069bb3b004ae6b18c71eecbf920853d1,2bf856a6c49a9c38010e4b719cd3d58e50f10d0c5c7048ed32accf1d9872633f,F,product,2,linear,35,20,6,2,0x499fbb627c0f5f7c,U0-2pi,pennylane,,,,0,test_full,1200,test,0.8133333333333334,0.8999794259277794,0.8123696429718191,0.805476188659668,0.5512371063232422,0.013158214679916055,0.031818133852020355,51,21,362.19838662500115,31374bd-dirty,440d35196202,0.01,0.001 0.003 0.01 0.03,0.04416666666666662,30,300,1.0,,,False,,
a7_20260831T055216Z,2026-08-31T06:24:47+00:00,hyperplanes_n_features20_n_hyperplanes3_dim_hyperplanes5_seed11,4360508611e0e8963c01cd3994e98f0e069bb3b004ae6b18c71eecbf920853d1,2bf856a6c49a9c38010e4b719cd3d58e50f10d0c5c7048ed32accf1d9872633f,F,product,2,linear,35,20,6,2,0x499fbb627c0f5f7c,U0-2pi,pennylane,,,,0,val_full,600,val,0.7933333333333333,0.8833923841244649,0.7871829197130402,0.805476188659668,0.5512371063232422,0.013158214679916055,0.031818133852020355,51,21,362.19838662500115,31374bd-dirty,440d35196202,0.01,0.001 0.003 0.01 0.03,0.04416666666666662,30,300,1.0,,,False,,
a7_20260831T055216Z,2026-08-31T06:25:45+00:00,hyperplanes_n_features20_n_hyperplanes3_dim_hyperplanes5_seed11,4360508611e0e8963c01cd3994e98f0e069bb3b004ae6b18c71eecbf920853d1,2bf856a6c49a9c38010e4b719cd3d58e50f10d0c5c7048ed32accf1d9872633f,F,product,2,linear,35,20,6,2,0x499fbb627c0f5f7c,U0-2pi,pennylane,,,,0,test_full,1200,test,0.8175,0.9063101235556446,0.8167843137254902,0.8114285469055176,0.6823186278343201,0.013158214679916055,0.06162269499964866,60,30,420.25558058299976,31374bd-dirty,440d35196202,0.03,0.001 0.003 0.01 0.03,0.04416666666666662,30,300,1.0,,,False,,
a7_20260831T055216Z,2026-08-31T06:25:45+00:00,hyperplanes_n_features20_n_hyperplanes3_dim_hyperplanes5_seed11,4360508611e0e8963c01cd3994e98f0e069bb3b004ae6b18c71eecbf920853d1,2bf856a6c49a9c38010e4b719cd3d58e50f10d0c5c7048ed32accf1d9872633f,F,product,2,linear,35,20,6,2,0x499fbb627c0f5f7c,U0-2pi,pennylane,,,,0,val_full,600,val,0.7983333333333333,0.8897631634831398,0.792452236856023,0.8114285469055176,0.6823186278343201,0.013158214679916055,0.06162269499964866,60,30,420.25558058299976,31374bd-dirty,440d35196202,0.03,0.001 0.003 0.01 0.03,0.04416666666666662,30,300,1.0,,,False,,
a7_20260831T055216Z,2026-08-31T06:27:57+00:00,hyperplanes_n_features20_n_hyperplanes3_dim_hyperplanes5_seed11,4360508611e0e8963c01cd3994e98f0e069bb3b004ae6b18c71eecbf920853d1,2bf856a6c49a9c38010e4b719cd3d58e50f10d0c5c7048ed32accf1d9872633f,A,L2,2,linear,35,35,6,1,0x9aed96d53998f1c9,U0-2pi,pennylane,,,,0,test_full,1200,test,0.8291666666666667,0.914286746961154,0.8278486327612449,0.8280952572822571,0.8251835703849792,0.010562035010412764,0.23076859644828104,73,43,560.7744319579997,31374bd-dirty,440d35196202,0.01,0.001 0.003 0.01 0.03,0.04416666666666662,30,300,1.0,,,False,,
a7_20260831T055216Z,2026-08-31T06:27:57+00:00,hyperplanes_n_features20_n_hyperplanes3_dim_hyperplanes5_seed11,4360508611e0e8963c01cd3994e98f0e069bb3b004ae6b18c71eecbf920853d1,2bf856a6c49a9c38010e4b719cd3d58e50f10d0c5c7048ed32accf1d9872633f,A,L2,2,linear,35,35,6,1,0x9aed96d53998f1c9,U0-2pi,pennylane,,,,0,val_full,600,val,0.8133333333333334,0.8960333515887831,0.8065942162460857,0.8280952572822571,0.8251835703849792,0.010562035010412764,0.23076859644828104,73,43,560.7744319579997,31374bd-dirty,440d35196202,0.01,0.001 0.003 0.01 0.03,0.04416666666666662,30,300,1.0,,,False,,
a7_20260831T055216Z,2026-08-31T06:28:11+00:00,hyperplanes_n_features20_n_hyperplanes3_dim_hyperplanes5_seed11,4360508611e0e8963c01cd3994e98f0e069bb3b004ae6b18c71eecbf920853d1,2bf856a6c49a9c38010e4b719cd3d58e50f10d0c5c7048ed32accf1d9872633f,A,L1,2,linear,35,35,6,2,0x68f1fd9add9ea051,U0-2pi,pennylane,,,,0,test_full,1200,test,0.83,0.9128215393854469,0.8289049919484701,0.8211904764175415,0.7765288949012756,0.00850355470588054,0.10628562611249615,75,45,573.8946918340007,31374bd-dirty,440d35196202,0.03,0.001 0.003 0.01 0.03,0.04416666666666662,30,300,1.0,,,False,,
a7_20260831T055216Z,2026-08-31T06:28:11+00:00,hyperplanes_n_features20_n_hyperplanes3_dim_hyperplanes5_seed11,4360508611e0e8963c01cd3994e98f0e069bb3b004ae6b18c71eecbf920853d1,2bf856a6c49a9c38010e4b719cd3d58e50f10d0c5c7048ed32accf1d9872633f,A,L1,2,linear,35,35,6,2,0x68f1fd9add9ea051,U0-2pi,pennylane,,,,0,val_full,600,val,0.8183333333333334,0.8912720322786154,0.8121332073227834,0.8211904764175415,0.7765288949012756,0.00850355470588054,0.10628562611249615,75,45,573.8946918340007,31374bd-dirty,440d35196202,0.03,0.001 0.003 0.01 0.03,0.04416666666666662,30,300,1.0,,,False,,
a7_20260831T055216Z,2026-08-31T06:28:32+00:00,hyperplanes_n_features20_n_hyperplanes3_dim_hyperplanes5_seed11,4360508611e0e8963c01cd3994e98f0e069bb3b004ae6b18c71eecbf920853d1,2bf856a6c49a9c38010e4b719cd3d58e50f10d0c5c7048ed32accf1d9872633f,F,product,2,linear,35,20,6,1,0x27078a7f911995bb,U0-2pi,pennylane,,,,0,test_full,1200,test,0.81,0.9069134443221122,0.8094914480042559,0.8064285516738892,1.0137600898742676,0.03736985662674101,0.043286033313716575,87,57,595.6931198750008,31374bd-dirty,440d35196202,0.01,0.001 0.003 0.01 0.03,0.04416666666666662,30,300,1.0,,,False,,
a7_20260831T055216Z,2026-08-31T06:28:32+00:00,hyperplanes_n_features20_n_hyperplanes3_dim_hyperplanes5_seed11,4360508611e0e8963c01cd3994e98f0e069bb3b004ae6b18c71eecbf920853d1,2bf856a6c49a9c38010e4b719cd3d58e50f10d0c5c7048ed32accf1d9872633f,F,product,2,linear,35,20,6,1,0x27078a7f911995bb,U0-2pi,pennylane,,,,0,val_full,600,val,0.8,0.8905902471191782,0.794518202262583,0.8064285516738892,1.0137600898742676,0.03736985662674101,0.043286033313716575,87,57,595.6931198750008,31374bd-dirty,440d35196202,0.01,0.001 0.003 0.01 0.03,0.04416666666666662,30,300,1.0,,,False,,
a7_20260831T055216Z,2026-08-31T06:29:32+00:00,hyperplanes_n_features20_n_hyperplanes3_dim_hyperplanes5_seed11,4360508611e0e8963c01cd3994e98f0e069bb3b004ae6b18c71eecbf920853d1,2bf856a6c49a9c38010e4b719cd3d58e50f10d0c5c7048ed32accf1d9872633f,A,L1,2,linear,35,35,6,1,0x1ddc9c443a3565bb,U0-2pi,pennylane,,,,0,test_full,1200,test,0.83,0.9153432533724797,0.8286117552172598,0.8297619223594666,0.8602797985076904,0.013144258690857244,0.050343305969622394,87,57,655.9696053749994,31374bd-dirty,440d35196202,0.03,0.001 0.003 0.01 0.03,0.04416666666666662,30,300,1.0,,,False,,
a7_20260831T055216Z,2026-08-31T06:29:32+00:00,hyperplanes_n_features20_n_hyperplanes3_dim_hyperplanes5_seed11,4360508611e0e8963c01cd3994e98f0e069bb3b004ae6b18c71eecbf920853d1,2bf856a6c49a9c38010e4b719cd3d58e50f10d0c5c7048ed32accf1d9872633f,A,L1,2,linear,35,35,6,1,0x1ddc9c443a3565bb,U0-2pi,pennylane,,,,0,val_full,600,val,0.82,0.9015323400878498,0.8130107576527079,0.8297619223594666,0.8602797985076904,0.013144258690857244,0.050343305969622394,87,57,655.9696053749994,31374bd-dirty,440d35196202,0.03,0.001 0.003 0.01 0.03,0.04416666666666662,30,300,1.0,,,False,,
a7_20260831T055216Z,2026-08-31T06:31:44+00:00,hyperplanes_n_features20_n_hyperplanes3_dim_hyperplanes5_seed11,4360508611e0e8963c01cd3994e98f0e069bb3b004ae6b18c71eecbf920853d1,2bf856a6c49a9c38010e4b719cd3d58e50f10d0c5c7048ed32accf1d9872633f,A,L2,2,linear,35,35,6,2,0xedbc28bf50f4bc26,U0-2pi,pennylane,,,,0,test_full,1200,test,0.8166666666666667,0.9167361736674118,0.8164418078813213,0.8133333325386047,0.9514595866203308,0.00553778049467965,0.08289534880587744,107,77,785.6002731659992,31374bd-dirty,440d35196202,0.01,0.001 0.003 0.01 0.03,0.04416666666666662,30,300,1.0,,,False,,
a7_20260831T055216Z,2026-08-31T06:31:44+00:00,hyperplanes_n_features20_n_hyperplanes3_dim_hyperplanes5_seed11,4360508611e0e8963c01cd3994e98f0e069bb3b004ae6b18c71eecbf920853d1,2bf856a6c49a9c38010e4b719cd3d58e50f10d0c5c7048ed32accf1d9872633f,A,L2,2,linear,35,35,6,2,0xedbc28bf50f4bc26,U0-2pi,pennylane,,,,0,val_full,600,val,0.81,0.9017446993998055,0.8056265984654731,0.8133333325386047,0.9514595866203308,0.00553778049467965,0.08289534880587744,107,77,785.6002731659992,31374bd-dirty,440d35196202,0.01,0.001 0.003 0.01 0.03,0.04416666666666662,30,300,1.0,,,False,,
