run_id,timestamp_utc,dataset,dataset_hash,pca_hash,arm,ansatz_level,R,dilution,socket_params_nominal,socket_params_effective,head_params,seed,init_seed,init_spec_id,backend,shots,session_id,calibration_set_id,repeat_index,eval_subset_id,n_eval,split,accuracy,auc,macro_f1,train_accuracy,theta_displacement,grad_rms_start,grad_rms_end,epochs_run,best_epoch,wall_seconds,git_commit,env_hash,lr_selected,lr_grid,g1_margin,patience,max_epochs,feature_scale,rff_width,rff_omega_seed,used_feature_cache,ridge_accuracy,ridge_alpha_selected,readout_order
probe_corr-4573258f,2026-08-31T20:03:11+00:00,hyperplanes_n_features20_n_hyperplanes3_dim_hyperplanes5_seed11,4360508611e0e8963c01cd3994e98f0e069bb3b004ae6b18c71eecbf920853d1,2bf856a6c49a9c38010e4b719cd3d58e50f10d0c5c7048ed32accf1d9872633f,D_corr,,2,linear,186,,32,1,0x90678a80c20ebac7,RFF-int-spectrum-U0-2pi,pennylane,,,,0,test_full,1200,test,0.775,0.8964373491698084,0.7749599928876245,0.7633333206176758,0.0,0.07618038958253458,0.05584724288164128,76,46,1.9569197919990984,9c5317c-dirty,440d35196202,0.001,0.001 0.003 0.01 0.03,,30,300,1.0,31,0x90678a80c20ebac7,True,0.79,1e-06,5
probe_corr-4573258f,2026-08-31T20:03:11+00:00,hyperplanes_n_features20_n_hyperplanes3_dim_hyperplanes5_seed11,4360508611e0e8963c01cd3994e98f0e069bb3b004ae6b18c71eecbf920853d1,2bf856a6c49a9c38010e4b719cd3d58e50f10d0c5c7048ed32accf1d9872633f,D_corr,,2,linear,186,,32,1,0x90678a80c20ebac7,RFF-int-spectrum-U0-2pi,pennylane,,,,0,val_full,600,val,0.7583333333333333,0.8774798538073788,0.7564328328541312,0.7633333206176758,0.0,0.07618038958253458,0.05584724288164128,76,46,1.9569197919990984,9c5317c-dirty,440d35196202,0.001,0.001 0.003 0.01 0.03,,30,300,1.0,31,0x90678a80c20ebac7,True,0.7683333333333333,1e-06,5
probe_corr-4573258f,2026-08-31T20:03:11+00:00,hyperplanes_n_features20_n_hyperplanes3_dim_hyperplanes5_seed11,4360508611e0e8963c01cd3994e98f0e069bb3b004ae6b18c71eecbf920853d1,2bf856a6c49a9c38010e4b719cd3d58e50f10d0c5c7048ed32accf1d9872633f,D_corr,,2,linear,186,,32,1,0x90678a80c20ebac7,RFF-int-spectrum-U0-2pi,pennylane,,,,0,test_full,1200,test,0.7808333333333334,0.8948386881526708,0.7808295282904216,0.7671428322792053,0.0,0.07618038958253458,0.04532888356888903,43,13,0.25217150000389665,9c5317c-dirty,440d35196202,0.003,0.001 0.003 0.01 0.03,,30,300,1.0,31,0x90678a80c20ebac7,True,0.79,1e-06,5
probe_corr-4573258f,2026-08-31T20:03:11+00:00,hyperplanes_n_features20_n_hyperplanes3_dim_hyperplanes5_seed11,4360508611e0e8963c01cd3994e98f0e069bb3b004ae6b18c71eecbf920853d1,2bf856a6c49a9c38010e4b719cd3d58e50f10d0c5c7048ed32accf1d9872633f,D_corr,,2,linear,186,,32,1,0x90678a80c20ebac7,RFF-int-spectrum-U0-2pi,pennylane,,,,0,val_full,600,val,0.7616666666666667,0.8757698025058398,0.7594961191419225,0.7671428322792053,0.0,0.07618038958253458,0.04532888356888903,43,13,0.25217150000389665,9c5317c-dirty,440d35196202,0.003,0.001 0.003 0.01 0.03,,30,300,1.0,31,0x90678a80c20ebac7,True,0.7683333333333333,1e-06,5
probe_corr-4573258f,2026-08-31T20:03:12+00:00,hyperplanes_n_features20_n_hyperplanes3_dim_hyperplanes5_seed11,4360508611e0e8963c01cd3994e98f0e069bb3b004ae6b18c71eecbf920853d1,2bf856a6c49a9c38010e4b719cd3d58e50f10d0c5c7048ed32accf1d9872633f,D_corr,,2,linear,186,,32,1,0x90678a80c20ebac7,RFF-int-spectrum-U0-2pi,pennylane,,,,0,test_full,1200,test,0.8016666666666666,0.9085315672994584,0.8015586263632422,0.8052380681037903,0.0,0.07618038958253458,0.069637591242012,73,43,0.4407189589983318,9c5317c-dirty,440d35196202,0.01,0.001 0.003 0.01 0.03,,30,300,1.0,31,0x90678a80c20ebac7,True,0.79,1e-06,5
probe_corr-4573258f,2026-08-31T20:03:12+00:00,hyperplanes_n_features20_n_hyperplanes3_dim_hyperplanes5_seed11,4360508611e0e8963c01cd3994e98f0e069bb3b004ae6b18c71eecbf920853d1,2bf856a6c49a9c38010e4b719cd3d58e50f10d0c5c7048ed32accf1d9872633f,D_corr,,2,linear,186,,32,1,0x90678a80c20ebac7,RFF-int-spectrum-U0-2pi,pennylane,,,,0,val_full,600,val,0.7816666666666666,0.8853036179320675,0.7783861663344339,0.8052380681037903,0.0,0.07618038958253458,0.069637591242012,73,43,0.4407189589983318,9c5317c-dirty,440d35196202,0.01,0.001 0.003 0.01 0.03,,30,300,1.0,31,0x90678a80c20ebac7,True,0.7683333333333333,1e-06,5
probe_corr-4573258f,2026-08-31T20:03:12+00:00,hyperplanes_n_features20_n_hyperplanes3_dim_hyperplanes5_seed11,4360508611e0e8963c01cd3994e98f0e069bb3b004ae6b18c71eecbf920853d1,2bf856a6c49a9c38010e4b719cd3d58e50f10d0c5c7048ed32accf1d9872633f,D_corr,,2,linear,186,,32,1,0x90678a80c20ebac7,RFF-int-spectrum-U0-2pi,pennylane,,,,0,test_full,1200,test,0.815,0.9117205484936443,0.8145363408521302,0.816428542137146,0.0,0.07618038958253458,0.013460299254121339,95,65,0.5765901670019957,9c5317c-dirty,440d35196202,0.03,0.001 0.003 0.01 0.03,,30,300,1.0,31,0x90678a80c20ebac7,True,0.79,1e-06,5
probe_corr-4573258f,2026-08-31T20:03:12+00:00,hyperplanes_n_features20_n_hyperplanes3_dim_hyperplanes5_seed11,4360508611e0e8963c01cd3994e98f0e069bb3b004ae6b18c71eecbf920853d1,2bf856a6c49a9c38010e4b719cd3d58e50f10d0c5c7048ed32accf1d9872633f,D_corr,,2,linear,186,,32,1,0x90678a80c20ebac7,RFF-int-spectrum-U0-2pi,pennylane,,,,0,val_full,600,val,0.8033333333333333,0.8879972281521387,0.7988064791133844,0.816428542137146,0.0,0.07618038958253458,0.013460299254121339,95,65,0.5765901670019957,9c5317c-dirty,440d35196202,0.03,0.001 0.003 0.01 0.03,,30,300,1.0,31,0x90678a80c20ebac7,True,0.7683333333333333,1e-06,5
probe_corr-4573258f,2026-08-31T20:03:21+00:00,hyperplanes_n_features20_n_hyperplanes3_dim_hyperplanes5_seed11,4360508611e0e8963c01cd3994e98f0e069bb3b004ae6b18c71eecbf920853d1,2bf856a6c49a9c38010e4b719cd3d58e50f10d0c5c7048ed32accf1d9872633f,B_corr,L1,2,linear,35,35,32,1,0x1ddc9c443a3565bb,U0-2pi,pennylane,,,,0,test_full,1200,test,0.7525,0.8578637440362993,0.7502856930658036,0.7335714101791382,0.0,0.013359031120289976,0.0037192929400545983,89,59,1.333880375001172,9c5317c-dirty,440d35196202,0.001,0.001 0.003 0.01 0.03 0.1,,30,300,1.0,,,True,0.7883333333333333,1e-06,5
probe_corr-4573258f,2026-08-31T20:03:21+00:00,hyperplanes_n_features20_n_hyperplanes3_dim_hyperplanes5_seed11,4360508611e0e8963c01cd3994e98f0e069bb3b004ae6b18c71eecbf920853d1,2bf856a6c49a9c38010e4b719cd3d58e50f10d0c5c7048ed32accf1d9872633f,B_corr,L1,2,linear,35,35,32,1,0x1ddc9c443a3565bb,U0-2pi,pennylane,,,,0,val_full,600,val,0.705,0.8238647159414783,0.7049991805532794,0.7335714101791382,0.0,0.013359031120289976,0.0037192929400545983,89,59,1.333880375001172,9c5317c-dirty,440d35196202,0.001,0.001 0.003 0.01 0.03 0.1,,30,300,1.0,,,True,0.7733333333333333,1e-06,5
probe_corr-4573258f,2026-08-31T20:03:21+00:00,hyperplanes_n_features20_n_hyperplanes3_dim_hyperplanes5_seed11,4360508611e0e8963c01cd3994e98f0e069bb3b004ae6b18c71eecbf920853d1,2bf856a6c49a9c38010e4b719cd3d58e50f10d0c5c7048ed32accf1d9872633f,B_corr,L1,2,linear,35,35,32,1,0x1ddc9c443a3565bb,U0-2pi,pennylane,,,,0,test_full,1200,test,0.75,0.860796939467743,0.7476418533182292,0.7328571677207947,0.0,0.013359031120289976,0.019894909841431937,52,22,0.3154370830015978,9c5317c-dirty,440d35196202,0.003,0.001 0.003 0.01 0.03 0.1,,30,300,1.0,,,True,0.7883333333333333,1e-06,5
probe_corr-4573258f,2026-08-31T20:03:21+00:00,hyperplanes_n_features20_n_hyperplanes3_dim_hyperplanes5_seed11,4360508611e0e8963c01cd3994e98f0e069bb3b004ae6b18c71eecbf920853d1,2bf856a6c49a9c38010e4b719cd3d58e50f10d0c5c7048ed32accf1d9872633f,B_corr,L1,2,linear,35,35,32,1,0x1ddc9c443a3565bb,U0-2pi,pennylane,,,,0,val_full,600,val,0.7083333333333334,0.8263571436554861,0.7083325231458977,0.7328571677207947,0.0,0.013359031120289976,0.019894909841431937,52,22,0.3154370830015978,9c5317c-dirty,440d35196202,0.003,0.001 0.003 0.01 0.03 0.1,,30,300,1.0,,,True,0.7733333333333333,1e-06,5
probe_corr-4573258f,2026-08-31T20:03:22+00:00,hyperplanes_n_features20_n_hyperplanes3_dim_hyperplanes5_seed11,4360508611e0e8963c01cd3994e98f0e069bb3b004ae6b18c71eecbf920853d1,2bf856a6c49a9c38010e4b719cd3d58e50f10d0c5c7048ed32accf1d9872633f,B_corr,L1,2,linear,35,35,32,1,0x1ddc9c443a3565bb,U0-2pi,pennylane,,,,0,test_full,1200,test,0.7775,0.881487783449549,0.7774961370857133,0.7621428370475769,0.0,0.013359031120289976,0.01558517922270911,87,57,0.6034087500011083,9c5317c-dirty,440d35196202,0.01,0.001 0.003 0.01 0.03 0.1,,30,300,1.0,,,True,0.7883333333333333,1e-06,5
probe_corr-4573258f,2026-08-31T20:03:22+00:00,hyperplanes_n_features20_n_hyperplanes3_dim_hyperplanes5_seed11,4360508611e0e8963c01cd3994e98f0e069bb3b004ae6b18c71eecbf920853d1,2bf856a6c49a9c38010e4b719cd3d58e50f10d0c5c7048ed32accf1d9872633f,B_corr,L1,2,linear,35,35,32,1,0x1ddc9c443a3565bb,U0-2pi,pennylane,,,,0,val_full,600,val,0.73,0.847917202221949,0.728540149247062,0.7621428370475769,0.0,0.013359031120289976,0.01558517922270911,87,57,0.6034087500011083,9c5317c-dirty,440d35196202,0.01,0.001 0.003 0.01 0.03 0.1,,30,300,1.0,,,True,0.7733333333333333,1e-06,5
probe_corr-4573258f,2026-08-31T20:03:22+00:00,hyperplanes_n_features20_n_hyperplanes3_dim_hyperplanes5_seed11,4360508611e0e8963c01cd3994e98f0e069bb3b004ae6b18c71eecbf920853d1,2bf856a6c49a9c38010e4b719cd3d58e50f10d0c5c7048ed32accf1d9872633f,B_corr,L1,2,linear,35,35,32,1,0x1ddc9c443a3565bb,U0-2pi,pennylane,,,,0,test_full,1200,test,0.7941666666666667,0.8820494000155696,0.7940463840340087,0.784761905670166,0.0,0.013359031120289976,0.04708740111648828,73,43,0.48064866700588027,9c5317c-dirty,440d35196202,0.03,0.001 0.003 0.01 0.03 0.1,,30,300,1.0,,,True,0.7883333333333333,1e-06,5
probe_corr-4573258f,2026-08-31T20:03:22+00:00,hyperplanes_n_features20_n_hyperplanes3_dim_hyperplanes5_seed11,4360508611e0e8963c01cd3994e98f0e069bb3b004ae6b18c71eecbf920853d1,2bf856a6c49a9c38010e4b719cd3d58e50f10d0c5c7048ed32accf1d9872633f,B_corr,L1,2,linear,35,35,32,1,0x1ddc9c443a3565bb,U0-2pi,pennylane,,,,0,val_full,600,val,0.7566666666666667,0.8507002268891596,0.7518019855841154,0.784761905670166,0.0,0.013359031120289976,0.04708740111648828,73,43,0.48064866700588027,9c5317c-dirty,440d35196202,0.03,0.001 0.003 0.01 0.03 0.1,,30,300,1.0,,,True,0.7733333333333333,1e-06,5
probe_corr-4573258f,2026-08-31T20:03:23+00:00,hyperplanes_n_features20_n_hyperplanes3_dim_hyperplanes5_seed11,4360508611e0e8963c01cd3994e98f0e069bb3b004ae6b18c71eecbf920853d1,2bf856a6c49a9c38010e4b719cd3d58e50f10d0c5c7048ed32accf1d9872633f,B_corr,L1,2,linear,35,35,32,1,0x1ddc9c443a3565bb,U0-2pi,pennylane,,,,0,test_full,1200,test,0.7916666666666666,0.884490485881738,0.7915184130937556,0.782619059085846,0.0,0.013359031120289976,0.017856919795677675,85,55,0.573072624996712,9c5317c-dirty,440d35196202,0.1,0.001 0.003 0.01 0.03 0.1,,30,300,1.0,,,True,0.7883333333333333,1e-06,5
probe_corr-4573258f,2026-08-31T20:03:23+00:00,hyperplanes_n_features20_n_hyperplanes3_dim_hyperplanes5_seed11,4360508611e0e8963c01cd3994e98f0e069bb3b004ae6b18c71eecbf920853d1,2bf856a6c49a9c38010e4b719cd3d58e50f10d0c5c7048ed32accf1d9872633f,B_corr,L1,2,linear,35,35,32,1,0x1ddc9c443a3565bb,U0-2pi,pennylane,,,,0,val_full,600,val,0.7733333333333333,0.8578869130779806,0.7690191238578334,0.782619059085846,0.0,0.013359031120289976,0.017856919795677675,85,55,0.573072624996712,9c5317c-dirty,440d35196202,0.1,0.001 0.003 0.01 0.03 0.1,,30,300,1.0,,,True,0.7733333333333333,1e-06,5
probe_corr-4573258f,2026-08-31T20:13:18+00:00,hyperplanes_n_features20_n_hyperplanes3_dim_hyperplanes5_seed11,4360508611e0e8963c01cd3994e98f0e069bb3b004ae6b18c71eecbf920853d1,2bf856a6c49a9c38010e4b719cd3d58e50f10d0c5c7048ed32accf1d9872633f,A_corr,L1,2,linear,35,35,32,1,0x1ddc9c443a3565bb,U0-2pi,pennylane,,,,0,test_full,1200,test,0.8375,0.913727910675163,0.8360976101770776,0.8302381038665771,0.8277004957199097,0.009565344870213523,0.19840893500038545,39,9,608.6266923750009,9c5317c-dirty,440d35196202,0.1,0.001 0.003 0.01 0.03 0.1,,30,300,1.0,,,False,,,5
probe_corr-4573258f,2026-08-31T20:13:18+00:00,hyperplanes_n_features20_n_hyperplanes3_dim_hyperplanes5_seed11,4360508611e0e8963c01cd3994e98f0e069bb3b004ae6b18c71eecbf920853d1,2bf856a6c49a9c38010e4b719cd3d58e50f10d0c5c7048ed32accf1d9872633f,A_corr,L1,2,linear,35,35,32,1,0x1ddc9c443a3565bb,U0-2pi,pennylane,,,,0,val_full,600,val,0.815,0.8974975131606889,0.8076873099612776,0.8302381038665771,0.8277004957199097,0.009565344870213523,0.19840893500038545,39,9,608.6266923750009,9c5317c-dirty,440d35196202,0.1,0.001 0.003 0.01 0.03 0.1,,30,300,1.0,,,False,,,5
probe_corr-4573258f,2026-08-31T20:13:20+00:00,hyperplanes_n_features20_n_hyperplanes3_dim_hyperplanes5_seed11,4360508611e0e8963c01cd3994e98f0e069bb3b004ae6b18c71eecbf920853d1,2bf856a6c49a9c38010e4b719cd3d58e50f10d0c5c7048ed32accf1d9872633f,A_corr,L1,2,linear,35,35,32,2,0x68f1fd9add9ea051,U0-2pi,pennylane,,,,0,test_full,1200,test,0.8158333333333333,0.9118150780146576,0.8155503824964825,0.8092857003211975,0.6544569730758667,0.012367213586864314,0.039450409028627606,39,9,607.5060094159999,9c5317c-dirty,440d35196202,0.03,0.001 0.003 0.01 0.03 0.1,,30,300,1.0,,,False,,,5
probe_corr-4573258f,2026-08-31T20:13:20+00:00,hyperplanes_n_features20_n_hyperplanes3_dim_hyperplanes5_seed11,4360508611e0e8963c01cd3994e98f0e069bb3b004ae6b18c71eecbf920853d1,2bf856a6c49a9c38010e4b719cd3d58e50f10d0c5c7048ed32accf1d9872633f,A_corr,L1,2,linear,35,35,32,2,0x68f1fd9add9ea051,U0-2pi,pennylane,,,,0,val_full,600,val,0.8033333333333333,0.892400889673749,0.798384800264264,0.8092857003211975,0.6544569730758667,0.012367213586864314,0.039450409028627606,39,9,607.5060094159999,9c5317c-dirty,440d35196202,0.03,0.001 0.003 0.01 0.03 0.1,,30,300,1.0,,,False,,,5
probe_corr-4573258f,2026-08-31T20:13:20+00:00,hyperplanes_n_features20_n_hyperplanes3_dim_hyperplanes5_seed11,4360508611e0e8963c01cd3994e98f0e069bb3b004ae6b18c71eecbf920853d1,2bf856a6c49a9c38010e4b719cd3d58e50f10d0c5c7048ed32accf1d9872633f,D_corr,,2,linear,186,,32,2,0x91e7fa63153f1e66,RFF-int-spectrum-U0-2pi,pennylane,,,,0,test_full,1200,test,0.7791666666666667,0.8855803556534214,0.7790990157402371,0.761904776096344,0.0,0.0647567878054756,0.07565627042290651,36,6,0.29945083300117403,9c5317c-dirty,440d35196202,0.001,0.001 0.003 0.01 0.03,,30,300,1.0,31,0x91e7fa63153f1e66,True,0.7941666666666667,1e-06,5
probe_corr-4573258f,2026-08-31T20:13:20+00:00,hyperplanes_n_features20_n_hyperplanes3_dim_hyperplanes5_seed11,4360508611e0e8963c01cd3994e98f0e069bb3b004ae6b18c71eecbf920853d1,2bf856a6c49a9c38010e4b719cd3d58e50f10d0c5c7048ed32accf1d9872633f,D_corr,,2,linear,186,,32,2,0x91e7fa63153f1e66,RFF-int-spectrum-U0-2pi,pennylane,,,,0,val_full,600,val,0.7616666666666667,0.8657889148439158,0.7593396144385012,0.761904776096344,0.0,0.0647567878054756,0.07565627042290651,36,6,0.29945083300117403,9c5317c-dirty,440d35196202,0.001,0.001 0.003 0.01 0.03,,30,300,1.0,31,0x91e7fa63153f1e66,True,0.77,1e-06,5
probe_corr-4573258f,2026-08-31T20:13:20+00:00,hyperplanes_n_features20_n_hyperplanes3_dim_hyperplanes5_seed11,4360508611e0e8963c01cd3994e98f0e069bb3b004ae6b18c71eecbf920853d1,2bf856a6c49a9c38010e4b719cd3d58e50f10d0c5c7048ed32accf1d9872633f,D_corr,,2,linear,186,,32,2,0x91e7fa63153f1e66,RFF-int-spectrum-U0-2pi,pennylane,,,,0,test_full,1200,test,0.7791666666666667,0.885855603376372,0.779085511274628,0.7647619247436523,0.0,0.0647567878054756,0.034469586022394444,32,2,0.22442225000122562,9c5317c-dirty,440d35196202,0.003,0.001 0.003 0.01 0.03,,30,300,1.0,31,0x91e7fa63153f1e66,True,0.7941666666666667,1e-06,5
probe_corr-4573258f,2026-08-31T20:13:20+00:00,hyperplanes_n_features20_n_hyperplanes3_dim_hyperplanes5_seed11,4360508611e0e8963c01cd3994e98f0e069bb3b004ae6b18c71eecbf920853d1,2bf856a6c49a9c38010e4b719cd3d58e50f10d0c5c7048ed32accf1d9872633f,D_corr,,2,linear,186,,32,2,0x91e7fa63153f1e66,RFF-int-spectrum-U0-2pi,pennylane,,,,0,val_full,600,val,0.7566666666666667,0.8661465726324732,0.7543714038964098,0.7647619247436523,0.0,0.0647567878054756,0.034469586022394444,32,2,0.22442225000122562,9c5317c-dirty,440d35196202,0.003,0.001 0.003 0.01 0.03,,30,300,1.0,31,0x91e7fa63153f1e66,True,0.77,1e-06,5
probe_corr-4573258f,2026-08-31T20:13:21+00:00,hyperplanes_n_features20_n_hyperplanes3_dim_hyperplanes5_seed11,4360508611e0e8963c01cd3994e98f0e069bb3b004ae6b18c71eecbf920853d1,2bf856a6c49a9c38010e4b719cd3d58e50f10d0c5c7048ed32accf1d9872633f,D_corr,,2,linear,186,,32,2,0x91e7fa63153f1e66,RFF-int-spectrum-U0-2pi,pennylane,,,,0,test_full,1200,test,0.7991666666666667,0.909120986665777,0.7991430938769897,0.7995238304138184,0.0,0.0647567878054756,0.030515393476968633,81,51,0.6179187500019907,9c5317c-dirty,440d35196202,0.01,0.001 0.003 0.01 0.03,,30,300,1.0,31,0x91e7fa63153f1e66,True,0.7941666666666667,1e-06,5
probe_corr-4573258f,2026-08-31T20:13:21+00:00,hyperplanes_n_features20_n_hyperplanes3_dim_hyperplanes5_seed11,4360508611e0e8963c01cd3994e98f0e069bb3b004ae6b18c71eecbf920853d1,2bf856a6c49a9c38010e4b719cd3d58e50f10d0c5c7048ed32accf1d9872633f,D_corr,,2,linear,186,,32,2,0x91e7fa63153f1e66,RFF-int-spectrum-U0-2pi,pennylane,,,,0,val_full,600,val,0.7816666666666666,0.88846665399962,0.7778148400464724,0.7995238304138184,0.0,0.0647567878054756,0.030515393476968633,81,51,0.6179187500019907,9c5317c-dirty,440d35196202,0.01,0.001 0.003 0.01 0.03,,30,300,1.0,31,0x91e7fa63153f1e66,True,0.77,1e-06,5
probe_corr-4573258f,2026-08-31T20:13:21+00:00,hyperplanes_n_features20_n_hyperplanes3_dim_hyperplanes5_seed11,4360508611e0e8963c01cd3994e98f0e069bb3b004ae6b18c71eecbf920853d1,2bf856a6c49a9c38010e4b719cd3d58e50f10d0c5c7048ed32accf1d9872633f,D_corr,,2,linear,186,,32,2,0x91e7fa63153f1e66,RFF-int-spectrum-U0-2pi,pennylane,,,,0,test_full,1200,test,0.815,0.9075000834084009,0.814566807458535,0.8169047832489014,0.0,0.0647567878054756,0.03015458700870891,48,18,0.365953125001397,9c5317c-dirty,440d35196202,0.03,0.001 0.003 0.01 0.03,,30,300,1.0,31,0x91e7fa63153f1e66,True,0.7941666666666667,1e-06,5
probe_corr-4573258f,2026-08-31T20:13:21+00:00,hyperplanes_n_features20_n_hyperplanes3_dim_hyperplanes5_seed11,4360508611e0e8963c01cd3994e98f0e069bb3b004ae6b18c71eecbf920853d1,2bf856a6c49a9c38010e4b719cd3d58e50f10d0c5c7048ed32accf1d9872633f,D_corr,,2,linear,186,,32,2,0x91e7fa63153f1e66,RFF-int-spectrum-U0-2pi,pennylane,,,,0,val_full,600,val,0.8,0.88499066736708,0.7942857142857143,0.8169047832489014,0.0,0.0647567878054756,0.03015458700870891,48,18,0.365953125001397,9c5317c-dirty,440d35196202,0.03,0.001 0.003 0.01 0.03,,30,300,1.0,31,0x91e7fa63153f1e66,True,0.77,1e-06,5
probe_corr-4573258f,2026-08-31T20:13:30+00:00,hyperplanes_n_features20_n_hyperplanes3_dim_hyperplanes5_seed11,4360508611e0e8963c01cd3994e98f0e069bb3b004ae6b18c71eecbf920853d1,2bf856a6c49a9c38010e4b719cd3d58e50f10d0c5c7048ed32accf1d9872633f,A_corr,L1,2,linear,35,35,32,2,0x68f1fd9add9ea051,U0-2pi,pennylane,,,,0,test_full,1200,test,0.82,0.9105333689209177,0.818840579710145,0.8169047832489014,0.7676077485084534,0.012367213586864314,0.03198743373879853,39,9,606.9251739579995,9c5317c-dirty,440d35196202,0.1,0.001 0.003 0.01 0.03 0.1,,30,300,1.0,,,False,,,5
probe_corr-4573258f,2026-08-31T20:13:30+00:00,hyperplanes_n_features20_n_hyperplanes3_dim_hyperplanes5_seed11,4360508611e0e8963c01cd3994e98f0e069bb3b004ae6b18c71eecbf920853d1,2bf856a6c49a9c38010e4b719cd3d58e50f10d0c5c7048ed32accf1d9872633f,A_corr,L1,2,linear,35,35,32,2,0x68f1fd9add9ea051,U0-2pi,pennylane,,,,0,val_full,600,val,0.8083333333333333,0.8899419923774183,0.8012850235146056,0.8169047832489014,0.7676077485084534,0.012367213586864314,0.03198743373879853,39,9,606.9251739579995,9c5317c-dirty,440d35196202,0.1,0.001 0.003 0.01 0.03 0.1,,30,300,1.0,,,False,,,5
probe_corr-4573258f,2026-08-31T20:13:30+00:00,hyperplanes_n_features20_n_hyperplanes3_dim_hyperplanes5_seed11,4360508611e0e8963c01cd3994e98f0e069bb3b004ae6b18c71eecbf920853d1,2bf856a6c49a9c38010e4b719cd3d58e50f10d0c5c7048ed32accf1d9872633f,A_corr,L1,2,linear,35,35,32,2,0x68f1fd9add9ea051,U0-2pi,pennylane,,,,0,test_full,1200,test,0.7725,0.8720737552686306,0.7724808820741187,0.7676190733909607,0.3366241157054901,0.012367213586864314,0.019861285101623855,40,10,621.1251328329963,9c5317c-dirty,440d35196202,0.001,0.001 0.003 0.01 0.03 0.1,,30,300,1.0,,,False,,,5
probe_corr-4573258f,2026-08-31T20:13:30+00:00,hyperplanes_n_features20_n_hyperplanes3_dim_hyperplanes5_seed11,4360508611e0e8963c01cd3994e98f0e069bb3b004ae6b18c71eecbf920853d1,2bf856a6c49a9c38010e4b719cd3d58e50f10d0c5c7048ed32accf1d9872633f,A_corr,L1,2,linear,35,35,32,2,0x68f1fd9add9ea051,U0-2pi,pennylane,,,,0,val_full,600,val,0.7683333333333333,0.84333471180606,0.764454021933454,0.7676190733909607,0.3366241157054901,0.012367213586864314,0.019861285101623855,40,10,621.1251328329963,9c5317c-dirty,440d35196202,0.001,0.001 0.003 0.01 0.03 0.1,,30,300,1.0,,,False,,,5
probe_corr-4573258f,2026-08-31T20:13:30+00:00,hyperplanes_n_features20_n_hyperplanes3_dim_hyperplanes5_seed11,4360508611e0e8963c01cd3994e98f0e069bb3b004ae6b18c71eecbf920853d1,2bf856a6c49a9c38010e4b719cd3d58e50f10d0c5c7048ed32accf1d9872633f,B_corr,L1,2,linear,35,35,32,2,0x68f1fd9add9ea051,U0-2pi,pennylane,,,,0,test_full,1200,test,0.7608333333333334,0.8708393109353975,0.7607121938814858,0.7578571438789368,0.0,0.017366820408554876,0.035750098864170236,73,43,0.5700683329996536,9c5317c-dirty,440d35196202,0.001,0.001 0.003 0.01 0.03 0.1,,30,300,1.0,,,True,0.7941666666666667,1.0,5
probe_corr-4573258f,2026-08-31T20:13:30+00:00,hyperplanes_n_features20_n_hyperplanes3_dim_hyperplanes5_seed11,4360508611e0e8963c01cd3994e98f0e069bb3b004ae6b18c71eecbf920853d1,2bf856a6c49a9c38010e4b719cd3d58e50f10d0c5c7048ed32accf1d9872633f,B_corr,L1,2,linear,35,35,32,2,0x68f1fd9add9ea051,U0-2pi,pennylane,,,,0,val_full,600,val,0.755,0.8408758145097294,0.7529238742208839,0.7578571438789368,0.0,0.017366820408554876,0.035750098864170236,73,43,0.5700683329996536,9c5317c-dirty,440d35196202,0.001,0.001 0.003 0.01 0.03 0.1,,30,300,1.0,,,True,0.7833333333333333,1.0,5
probe_corr-4573258f,2026-08-31T20:13:30+00:00,hyperplanes_n_features20_n_hyperplanes3_dim_hyperplanes5_seed11,4360508611e0e8963c01cd3994e98f0e069bb3b004ae6b18c71eecbf920853d1,2bf856a6c49a9c38010e4b719cd3d58e50f10d0c5c7048ed32accf1d9872633f,B_corr,L1,2,linear,35,35,32,2,0x68f1fd9add9ea051,U0-2pi,pennylane,,,,0,test_full,1200,test,0.7641666666666667,0.8686428897118519,0.7640944205829703,0.7623809576034546,0.0,0.017366820408554876,0.025932841170709646,42,12,0.29643966699950397,9c5317c-dirty,440d35196202,0.003,0.001 0.003 0.01 0.03 0.1,,30,300,1.0,,,True,0.7941666666666667,1.0,5
probe_corr-4573258f,2026-08-31T20:13:30+00:00,hyperplanes_n_features20_n_hyperplanes3_dim_hyperplanes5_seed11,4360508611e0e8963c01cd3994e98f0e069bb3b004ae6b18c71eecbf920853d1,2bf856a6c49a9c38010e4b719cd3d58e50f10d0c5c7048ed32accf1d9872633f,B_corr,L1,2,linear,35,35,32,2,0x68f1fd9add9ea051,U0-2pi,pennylane,,,,0,val_full,600,val,0.7583333333333333,0.8385063316605381,0.7559737349201585,0.7623809576034546,0.0,0.017366820408554876,0.025932841170709646,42,12,0.29643966699950397,9c5317c-dirty,440d35196202,0.003,0.001 0.003 0.01 0.03 0.1,,30,300,1.0,,,True,0.7833333333333333,1.0,5
probe_corr-4573258f,2026-08-31T20:13:31+00:00,hyperplanes_n_features20_n_hyperplanes3_dim_hyperplanes5_seed11,4360508611e0e8963c01cd3994e98f0e069bb3b004ae6b18c71eecbf920853d1,2bf856a6c49a9c38010e4b719cd3d58e50f10d0c5c7048ed32accf1d9872633f,B_corr,L1,2,linear,35,35,32,2,0x68f1fd9add9ea051,U0-2pi,pennylane,,,,0,test_full,1200,test,0.7825,0.873536182564308,0.782496223892776,0.767380952835083,0.0,0.017366820408554876,0.020407276465169242,36,6,0.26329329200234497,9c5317c-dirty,440d35196202,0.01,0.001 0.003 0.01 0.03 0.1,,30,300,1.0,,,True,0.7941666666666667,1.0,5
probe_corr-4573258f,2026-08-31T20:13:31+00:00,hyperplanes_n_features20_n_hyperplanes3_dim_hyperplanes5_seed11,4360508611e0e8963c01cd3994e98f0e069bb3b004ae6b18c71eecbf920853d1,2bf856a6c49a9c38010e4b719cd3d58e50f10d0c5c7048ed32accf1d9872633f,B_corr,L1,2,linear,35,35,32,2,0x68f1fd9add9ea051,U0-2pi,pennylane,,,,0,val_full,600,val,0.7633333333333333,0.8435694247298007,0.7606096025894623,0.767380952835083,0.0,0.017366820408554876,0.020407276465169242,36,6,0.26329329200234497,9c5317c-dirty,440d35196202,0.01,0.001 0.003 0.01 0.03 0.1,,30,300,1.0,,,True,0.7833333333333333,1.0,5
probe_corr-4573258f,2026-08-31T20:13:31+00:00,hyperplanes_n_features20_n_hyperplanes3_dim_hyperplanes5_seed11,4360508611e0e8963c01cd3994e98f0e069bb3b004ae6b18c71eecbf920853d1,2bf856a6c49a9c38010e4b719cd3d58e50f10d0c5c7048ed32accf1d9872633f,B_corr,L1,2,linear,35,35,32,2,0x68f1fd9add9ea051,U0-2pi,pennylane,,,,0,test_full,1200,test,0.8041666666666667,0.8956449693613141,0.8041273561152203,0.8019047379493713,0.0,0.017366820408554876,0.00843909285483629,81,51,0.6334169999972801,9c5317c-dirty,440d35196202,0.03,0.001 0.003 0.01 0.03 0.1,,30,300,1.0,,,True,0.7941666666666667,1.0,5
probe_corr-4573258f,2026-08-31T20:13:31+00:00,hyperplanes_n_features20_n_hyperplanes3_dim_hyperplanes5_seed11,4360508611e0e8963c01cd3994e98f0e069bb3b004ae6b18c71eecbf920853d1,2bf856a6c49a9c38010e4b719cd3d58e50f10d0c5c7048ed32accf1d9872633f,B_corr,L1,2,linear,35,35,32,2,0x68f1fd9add9ea051,U0-2pi,pennylane,,,,0,val_full,600,val,0.7816666666666666,0.8695443216237664,0.7783861663344339,0.8019047379493713,0.0,0.017366820408554876,0.00843909285483629,81,51,0.6334169999972801,9c5317c-dirty,440d35196202,0.03,0.001 0.003 0.01 0.03 0.1,,30,300,1.0,,,True,0.7833333333333333,1.0,5
probe_corr-4573258f,2026-08-31T20:13:33+00:00,hyperplanes_n_features20_n_hyperplanes3_dim_hyperplanes5_seed11,4360508611e0e8963c01cd3994e98f0e069bb3b004ae6b18c71eecbf920853d1,2bf856a6c49a9c38010e4b719cd3d58e50f10d0c5c7048ed32accf1d9872633f,B_corr,L1,2,linear,35,35,32,2,0x68f1fd9add9ea051,U0-2pi,pennylane,,,,0,test_full,1200,test,0.8083333333333333,0.9096548004314995,0.8083141647498083,0.808571457862854,0.0,0.017366820408554876,0.01813570750863655,173,143,1.396802208997542,9c5317c-dirty,440d35196202,0.1,0.001 0.003 0.01 0.03 0.1,,30,300,1.0,,,True,0.7941666666666667,1.0,5
probe_corr-4573258f,2026-08-31T20:13:33+00:00,hyperplanes_n_features20_n_hyperplanes3_dim_hyperplanes5_seed11,4360508611e0e8963c01cd3994e98f0e069bb3b004ae6b18c71eecbf920853d1,2bf856a6c49a9c38010e4b719cd3d58e50f10d0c5c7048ed32accf1d9872633f,B_corr,L1,2,linear,35,35,32,2,0x68f1fd9add9ea051,U0-2pi,pennylane,,,,0,val_full,600,val,0.805,0.88656659699791,0.8019047619047619,0.808571457862854,0.0,0.017366820408554876,0.01813570750863655,173,143,1.396802208997542,9c5317c-dirty,440d35196202,0.1,0.001 0.003 0.01 0.03 0.1,,30,300,1.0,,,True,0.7833333333333333,1.0,5
probe_corr-4573258f,2026-08-31T20:15:13+00:00,hyperplanes_n_features20_n_hyperplanes3_dim_hyperplanes5_seed11,4360508611e0e8963c01cd3994e98f0e069bb3b004ae6b18c71eecbf920853d1,2bf856a6c49a9c38010e4b719cd3d58e50f10d0c5c7048ed32accf1d9872633f,A_corr,L1,2,linear,35,35,32,1,0x1ddc9c443a3565bb,U0-2pi,pennylane,,,,0,test_full,1200,test,0.7608333333333334,0.8730190504787643,0.7607733605438585,0.7514285445213318,0.39200836420059204,0.009565344870213523,0.06195876463789586,46,16,723.8008872920036,9c5317c-dirty,440d35196202,0.001,0.001 0.003 0.01 0.03 0.1,,30,300,1.0,,,False,,,5
probe_corr-4573258f,2026-08-31T20:15:13+00:00,hyperplanes_n_features20_n_hyperplanes3_dim_hyperplanes5_seed11,4360508611e0e8963c01cd3994e98f0e069bb3b004ae6b18c71eecbf920853d1,2bf856a6c49a9c38010e4b719cd3d58e50f10d0c5c7048ed32accf1d9872633f,A_corr,L1,2,linear,35,35,32,1,0x1ddc9c443a3565bb,U0-2pi,pennylane,,,,0,val_full,600,val,0.7583333333333333,0.8414011243866728,0.7568412844370037,0.7514285445213318,0.39200836420059204,0.009565344870213523,0.06195876463789586,46,16,723.8008872920036,9c5317c-dirty,440d35196202,0.001,0.001 0.003 0.01 0.03 0.1,,30,300,1.0,,,False,,,5
probe_corr-4573258f,2026-08-31T20:15:39+00:00,hyperplanes_n_features20_n_hyperplanes3_dim_hyperplanes5_seed11,4360508611e0e8963c01cd3994e98f0e069bb3b004ae6b18c71eecbf920853d1,2bf856a6c49a9c38010e4b719cd3d58e50f10d0c5c7048ed32accf1d9872633f,A_corr,L1,2,linear,35,35,32,2,0x68f1fd9add9ea051,U0-2pi,pennylane,,,,0,test_full,1200,test,0.8266666666666667,0.9093934541086979,0.8260050023561822,0.8166666626930237,0.6234413981437683,0.012367213586864314,0.08542892531275974,48,18,749.597611541998,9c5317c-dirty,440d35196202,0.01,0.001 0.003 0.01 0.03 0.1,,30,300,1.0,,,False,,,5
probe_corr-4573258f,2026-08-31T20:15:39+00:00,hyperplanes_n_features20_n_hyperplanes3_dim_hyperplanes5_seed11,4360508611e0e8963c01cd3994e98f0e069bb3b004ae6b18c71eecbf920853d1,2bf856a6c49a9c38010e4b719cd3d58e50f10d0c5c7048ed32accf1d9872633f,A_corr,L1,2,linear,35,35,32,2,0x68f1fd9add9ea051,U0-2pi,pennylane,,,,0,val_full,600,val,0.8016666666666666,0.8897519866772474,0.7958827783955928,0.8166666626930237,0.6234413981437683,0.012367213586864314,0.08542892531275974,48,18,749.597611541998,9c5317c-dirty,440d35196202,0.01,0.001 0.003 0.01 0.03 0.1,,30,300,1.0,,,False,,,5
probe_corr-4573258f,2026-08-31T20:15:51+00:00,hyperplanes_n_features20_n_hyperplanes3_dim_hyperplanes5_seed11,4360508611e0e8963c01cd3994e98f0e069bb3b004ae6b18c71eecbf920853d1,2bf856a6c49a9c38010e4b719cd3d58e50f10d0c5c7048ed32accf1d9872633f,B_corr,L1,2,linear,35,35,32,3,0xe98c84d46f8b02b7,U0-2pi,pennylane,,,,0,test_full,1200,test,0.7475,0.8079883005816345,0.7468881372261696,0.7473809719085693,0.0,0.021088090538616155,0.029518720493191097,128,98,0.9102293340038159,9c5317c-dirty,440d35196202,0.001,0.001 0.003 0.01 0.03 0.1,,30,300,1.0,,,True,0.7691666666666667,1e-06,5
probe_corr-4573258f,2026-08-31T20:15:51+00:00,hyperplanes_n_features20_n_hyperplanes3_dim_hyperplanes5_seed11,4360508611e0e8963c01cd3994e98f0e069bb3b004ae6b18c71eecbf920853d1,2bf856a6c49a9c38010e4b719cd3d58e50f10d0c5c7048ed32accf1d9872633f,B_corr,L1,2,linear,35,35,32,3,0xe98c84d46f8b02b7,U0-2pi,pennylane,,,,0,val_full,600,val,0.76,0.8022934805691229,0.7596153846153846,0.7473809719085693,0.0,0.021088090538616155,0.029518720493191097,128,98,0.9102293340038159,9c5317c-dirty,440d35196202,0.001,0.001 0.003 0.01 0.03 0.1,,30,300,1.0,,,True,0.7483333333333333,1e-06,5
probe_corr-4573258f,2026-08-31T20:15:52+00:00,hyperplanes_n_features20_n_hyperplanes3_dim_hyperplanes5_seed11,4360508611e0e8963c01cd3994e98f0e069bb3b004ae6b18c71eecbf920853d1,2bf856a6c49a9c38010e4b719cd3d58e50f10d0c5c7048ed32accf1d9872633f,B_corr,L1,2,linear,35,35,32,3,0xe98c84d46f8b02b7,U0-2pi,pennylane,,,,0,test_full,1200,test,0.745,0.8060254228805923,0.7444434546345374,0.7476190328598022,0.0,0.021088090538616155,0.029291354096284604,61,31,0.4372332920029294,9c5317c-dirty,440d35196202,0.003,0.001 0.003 0.01 0.03 0.1,,30,300,1.0,,,True,0.7691666666666667,1e-06,5
probe_corr-4573258f,2026-08-31T20:15:52+00:00,hyperplanes_n_features20_n_hyperplanes3_dim_hyperplanes5_seed11,4360508611e0e8963c01cd3994e98f0e069bb3b004ae6b18c71eecbf920853d1,2bf856a6c49a9c38010e4b719cd3d58e50f10d0c5c7048ed32accf1d9872633f,B_corr,L1,2,linear,35,35,32,3,0xe98c84d46f8b02b7,U0-2pi,pennylane,,,,0,val_full,600,val,0.76,0.8011310927563121,0.7596153846153846,0.7476190328598022,0.0,0.021088090538616155,0.029291354096284604,61,31,0.4372332920029294,9c5317c-dirty,440d35196202,0.003,0.001 0.003 0.01 0.03 0.1,,30,300,1.0,,,True,0.7483333333333333,1e-06,5
probe_corr-4573258f,2026-08-31T20:15:52+00:00,hyperplanes_n_features20_n_hyperplanes3_dim_hyperplanes5_seed11,4360508611e0e8963c01cd3994e98f0e069bb3b004ae6b18c71eecbf920853d1,2bf856a6c49a9c38010e4b719cd3d58e50f10d0c5c7048ed32accf1d9872633f,B_corr,L1,2,linear,35,35,32,3,0xe98c84d46f8b02b7,U0-2pi,pennylane,,,,0,test_full,1200,test,0.7425,0.803884607257643,0.742034049001008,0.7469047904014587,0.0,0.021088090538616155,0.04088194240981476,39,9,0.256263957999181,9c5317c-dirty,440d35196202,0.01,0.001 0.003 0.01 0.03 0.1,,30,300,1.0,,,True,0.7691666666666667,1e-06,5
probe_corr-4573258f,2026-08-31T20:15:52+00:00,hyperplanes_n_features20_n_hyperplanes3_dim_hyperplanes5_seed11,4360508611e0e8963c01cd3994e98f0e069bb3b004ae6b18c71eecbf920853d1,2bf856a6c49a9c38010e4b719cd3d58e50f10d0c5c7048ed32accf1d9872633f,B_corr,L1,2,linear,35,35,32,3,0xe98c84d46f8b02b7,U0-2pi,pennylane,,,,0,val_full,600,val,0.755,0.7998681136904695,0.7545028683083244,0.7469047904014587,0.0,0.021088090538616155,0.04088194240981476,39,9,0.256263957999181,9c5317c-dirty,440d35196202,0.01,0.001 0.003 0.01 0.03 0.1,,30,300,1.0,,,True,0.7483333333333333,1e-06,5
probe_corr-4573258f,2026-08-31T20:15:53+00:00,hyperplanes_n_features20_n_hyperplanes3_dim_hyperplanes5_seed11,4360508611e0e8963c01cd3994e98f0e069bb3b004ae6b18c71eecbf920853d1,2bf856a6c49a9c38010e4b719cd3d58e50f10d0c5c7048ed32accf1d9872633f,B_corr,L1,2,linear,35,35,32,3,0xe98c84d46f8b02b7,U0-2pi,pennylane,,,,0,test_full,1200,test,0.7725,0.8756464151069295,0.7722341149633705,0.7599999904632568,0.0,0.021088090538616155,0.010125369283316572,86,56,0.611467624999932,9c5317c-dirty,440d35196202,0.03,0.001 0.003 0.01 0.03 0.1,,30,300,1.0,,,True,0.7691666666666667,1e-06,5
probe_corr-4573258f,2026-08-31T20:15:53+00:00,hyperplanes_n_features20_n_hyperplanes3_dim_hyperplanes5_seed11,4360508611e0e8963c01cd3994e98f0e069bb3b004ae6b18c71eecbf920853d1,2bf856a6c49a9c38010e4b719cd3d58e50f10d0c5c7048ed32accf1d9872633f,B_corr,L1,2,linear,35,35,32,3,0xe98c84d46f8b02b7,U0-2pi,pennylane,,,,0,val_full,600,val,0.7583333333333333,0.8395793050262095,0.7533838849124797,0.7599999904632568,0.0,0.021088090538616155,0.010125369283316572,86,56,0.611467624999932,9c5317c-dirty,440d35196202,0.03,0.001 0.003 0.01 0.03 0.1,,30,300,1.0,,,True,0.7483333333333333,1e-06,5
probe_corr-4573258f,2026-08-31T20:15:53+00:00,hyperplanes_n_features20_n_hyperplanes3_dim_hyperplanes5_seed11,4360508611e0e8963c01cd3994e98f0e069bb3b004ae6b18c71eecbf920853d1,2bf856a6c49a9c38010e4b719cd3d58e50f10d0c5c7048ed32accf1d9872633f,B_corr,L1,2,linear,35,35,32,3,0xe98c84d46f8b02b7,U0-2pi,pennylane,,,,0,test_full,1200,test,0.7783333333333333,0.8803061644368821,0.7749094560593923,0.7766666412353516,0.0,0.021088090538616155,0.016307308121720515,70,40,0.4953511249987059,9c5317c-dirty,440d35196202,0.1,0.001 0.003 0.01 0.03 0.1,,30,300,1.0,,,True,0.7691666666666667,1e-06,5
probe_corr-4573258f,2026-08-31T20:15:53+00:00,hyperplanes_n_features20_n_hyperplanes3_dim_hyperplanes5_seed11,4360508611e0e8963c01cd3994e98f0e069bb3b004ae6b18c71eecbf920853d1,2bf856a6c49a9c38010e4b719cd3d58e50f10d0c5c7048ed32accf1d9872633f,B_corr,L1,2,linear,35,35,32,3,0xe98c84d46f8b02b7,U0-2pi,pennylane,,,,0,val_full,600,val,0.7716666666666666,0.8463524493970114,0.7591074667893597,0.7766666412353516,0.0,0.021088090538616155,0.016307308121720515,70,40,0.4953511249987059,9c5317c-dirty,440d35196202,0.1,0.001 0.003 0.01 0.03 0.1,,30,300,1.0,,,True,0.7483333333333333,1e-06,5
probe_corr-4573258f,2026-08-31T20:15:54+00:00,hyperplanes_n_features20_n_hyperplanes3_dim_hyperplanes5_seed11,4360508611e0e8963c01cd3994e98f0e069bb3b004ae6b18c71eecbf920853d1,2bf856a6c49a9c38010e4b719cd3d58e50f10d0c5c7048ed32accf1d9872633f,D_corr,,2,linear,186,,32,3,0x2fa4a57583dd981f,RFF-int-spectrum-U0-2pi,pennylane,,,,0,test_full,1200,test,0.7625,0.892130695403641,0.7624272433432739,0.7614285945892334,0.0,0.0959375824907543,0.040993261839775495,60,30,0.4281121250023716,9c5317c-dirty,440d35196202,0.001,0.001 0.003 0.01 0.03,,30,300,1.0,31,0x2fa4a57583dd981f,True,0.7883333333333333,1.0,5
probe_corr-4573258f,2026-08-31T20:15:54+00:00,hyperplanes_n_features20_n_hyperplanes3_dim_hyperplanes5_seed11,4360508611e0e8963c01cd3994e98f0e069bb3b004ae6b18c71eecbf920853d1,2bf856a6c49a9c38010e4b719cd3d58e50f10d0c5c7048ed32accf1d9872633f,D_corr,,2,linear,186,,32,3,0x2fa4a57583dd981f,RFF-int-spectrum-U0-2pi,pennylane,,,,0,val_full,600,val,0.76,0.8741491656514401,0.7575757575757576,0.7614285945892334,0.0,0.0959375824907543,0.040993261839775495,60,30,0.4281121250023716,9c5317c-dirty,440d35196202,0.001,0.001 0.003 0.01 0.03,,30,300,1.0,31,0x2fa4a57583dd981f,True,0.7816666666666666,1.0,5
probe_corr-4573258f,2026-08-31T20:15:54+00:00,hyperplanes_n_features20_n_hyperplanes3_dim_hyperplanes5_seed11,4360508611e0e8963c01cd3994e98f0e069bb3b004ae6b18c71eecbf920853d1,2bf856a6c49a9c38010e4b719cd3d58e50f10d0c5c7048ed32accf1d9872633f,D_corr,,2,linear,186,,32,3,0x2fa4a57583dd981f,RFF-int-spectrum-U0-2pi,pennylane,,,,0,test_full,1200,test,0.7683333333333333,0.8901372346222712,0.7683307592306581,0.7685714364051819,0.0,0.0959375824907543,0.055277634490969105,37,7,0.25423099999898113,9c5317c-dirty,440d35196202,0.003,0.001 0.003 0.01 0.03,,30,300,1.0,31,0x2fa4a57583dd981f,True,0.7883333333333333,1.0,5
probe_corr-4573258f,2026-08-31T20:15:54+00:00,hyperplanes_n_features20_n_hyperplanes3_dim_hyperplanes5_seed11,4360508611e0e8963c01cd3994e98f0e069bb3b004ae6b18c71eecbf920853d1,2bf856a6c49a9c38010e4b719cd3d58e50f10d0c5c7048ed32accf1d9872633f,D_corr,,2,linear,186,,32,3,0x2fa4a57583dd981f,RFF-int-spectrum-U0-2pi,pennylane,,,,0,val_full,600,val,0.7633333333333333,0.871489085849046,0.7602539282337581,0.7685714364051819,0.0,0.0959375824907543,0.055277634490969105,37,7,0.25423099999898113,9c5317c-dirty,440d35196202,0.003,0.001 0.003 0.01 0.03,,30,300,1.0,31,0x2fa4a57583dd981f,True,0.7816666666666666,1.0,5
probe_corr-4573258f,2026-08-31T20:15:54+00:00,hyperplanes_n_features20_n_hyperplanes3_dim_hyperplanes5_seed11,4360508611e0e8963c01cd3994e98f0e069bb3b004ae6b18c71eecbf920853d1,2bf856a6c49a9c38010e4b719cd3d58e50f10d0c5c7048ed32accf1d9872633f,D_corr,,2,linear,186,,32,3,0x2fa4a57583dd981f,RFF-int-spectrum-U0-2pi,pennylane,,,,0,test_full,1200,test,0.7933333333333333,0.9047559470189837,0.7932759099749931,0.7997618913650513,0.0,0.0959375824907543,0.021181951653678498,76,46,0.5401503750035772,9c5317c-dirty,440d35196202,0.01,0.001 0.003 0.01 0.03,,30,300,1.0,31,0x2fa4a57583dd981f,True,0.7883333333333333,1.0,5
probe_corr-4573258f,2026-08-31T20:15:54+00:00,hyperplanes_n_features20_n_hyperplanes3_dim_hyperplanes5_seed11,4360508611e0e8963c01cd3994e98f0e069bb3b004ae6b18c71eecbf920853d1,2bf856a6c49a9c38010e4b719cd3d58e50f10d0c5c7048ed32accf1d9872633f,D_corr,,2,linear,186,,32,3,0x2fa4a57583dd981f,RFF-int-spectrum-U0-2pi,pennylane,,,,0,val_full,600,val,0.7966666666666666,0.8915514524259257,0.7941761986705806,0.7997618913650513,0.0,0.0959375824907543,0.021181951653678498,76,46,0.5401503750035772,9c5317c-dirty,440d35196202,0.01,0.001 0.003 0.01 0.03,,30,300,1.0,31,0x2fa4a57583dd981f,True,0.7816666666666666,1.0,5
probe_corr-4573258f,2026-08-31T20:15:55+00:00,hyperplanes_n_features20_n_hyperplanes3_dim_hyperplanes5_seed11,4360508611e0e8963c01cd3994e98f0e069bb3b004ae6b18c71eecbf920853d1,2bf856a6c49a9c38010e4b719cd3d58e50f10d0c5c7048ed32accf1d9872633f,D_corr,,2,linear,186,,32,3,0x2fa4a57583dd981f,RFF-int-spectrum-U0-2pi,pennylane,,,,0,test_full,1200,test,0.8116666666666666,0.900652253694992,0.8105038975267684,0.8169047832489014,0.0,0.0959375824907543,0.07486378362294505,37,7,0.24175920800189488,9c5317c-dirty,440d35196202,0.03,0.001 0.003 0.01 0.03,,30,300,1.0,31,0x2fa4a57583dd981f,True,0.7883333333333333,1.0,5
probe_corr-4573258f,2026-08-31T20:15:55+00:00,hyperplanes_n_features20_n_hyperplanes3_dim_hyperplanes5_seed11,4360508611e0e8963c01cd3994e98f0e069bb3b004ae6b18c71eecbf920853d1,2bf856a6c49a9c38010e4b719cd3d58e50f10d0c5c7048ed32accf1d9872633f,D_corr,,2,linear,186,,32,3,0x2fa4a57583dd981f,RFF-int-spectrum-U0-2pi,pennylane,,,,0,val_full,600,val,0.805,0.8843871198488897,0.7985947537089264,0.8169047832489014,0.0,0.0959375824907543,0.07486378362294505,37,7,0.24175920800189488,9c5317c-dirty,440d35196202,0.03,0.001 0.003 0.01 0.03,,30,300,1.0,31,0x2fa4a57583dd981f,True,0.7816666666666666,1.0,5
probe_corr-4573258f,2026-08-31T20:24:23+00:00,hyperplanes_n_features20_n_hyperplanes3_dim_hyperplanes5_seed11,4360508611e0e8963c01cd3994e98f0e069bb3b004ae6b18c71eecbf920853d1,2bf856a6c49a9c38010e4b719cd3d58e50f10d0c5c7048ed32accf1d9872633f,A_corr,L1,2,linear,35,35,32,3,0xe98c84d46f8b02b7,U0-2pi,pennylane,,,,0,test_full,1200,test,0.8225,0.9102247578376094,0.8217273614324304,0.8192856907844543,0.641585648059845,0.015485198061432679,0.05866379475885569,42,12,652.212509500001,9c5317c-dirty,440d35196202,0.01,0.001 0.003 0.01 0.03 0.1,,30,300,1.0,,,False,,,5
probe_corr-4573258f,2026-08-31T20:24:23+00:00,hyperplanes_n_features20_n_hyperplanes3_dim_hyperplanes5_seed11,4360508611e0e8963c01cd3994e98f0e069bb3b004ae6b18c71eecbf920853d1,2bf856a6c49a9c38010e4b719cd3d58e50f10d0c5c7048ed32accf1d9872633f,A_corr,L1,2,linear,35,35,32,3,0xe98c84d46f8b02b7,U0-2pi,pennylane,,,,0,val_full,600,val,0.8066666666666666,0.8914285075611091,0.8006781524926686,0.8192856907844543,0.641585648059845,0.015485198061432679,0.05866379475885569,42,12,652.212509500001,9c5317c-dirty,440d35196202,0.01,0.001 0.003 0.01 0.03 0.1,,30,300,1.0,,,False,,,5
probe_corr-4573258f,2026-08-31T20:24:54+00:00,hyperplanes_n_features20_n_hyperplanes3_dim_hyperplanes5_seed11,4360508611e0e8963c01cd3994e98f0e069bb3b004ae6b18c71eecbf920853d1,2bf856a6c49a9c38010e4b719cd3d58e50f10d0c5c7048ed32accf1d9872633f,A_corr,L1,2,linear,35,35,32,1,0x1ddc9c443a3565bb,U0-2pi,pennylane,,,,0,test_full,1200,test,0.8233333333333334,0.9149373324881283,0.8228604691969397,0.8154761791229248,0.6985709071159363,0.009565344870213523,0.0945182988020126,85,55,1305.0642334160002,9c5317c-dirty,440d35196202,0.01,0.001 0.003 0.01 0.03 0.1,,30,300,1.0,,,False,,,5
probe_corr-4573258f,2026-08-31T20:24:54+00:00,hyperplanes_n_features20_n_hyperplanes3_dim_hyperplanes5_seed11,4360508611e0e8963c01cd3994e98f0e069bb3b004ae6b18c71eecbf920853d1,2bf856a6c49a9c38010e4b719cd3d58e50f10d0c5c7048ed32accf1d9872633f,A_corr,L1,2,linear,35,35,32,1,0x1ddc9c443a3565bb,U0-2pi,pennylane,,,,0,val_full,600,val,0.8083333333333333,0.8996211062802473,0.8029691689582209,0.8154761791229248,0.6985709071159363,0.009565344870213523,0.0945182988020126,85,55,1305.0642334160002,9c5317c-dirty,440d35196202,0.01,0.001 0.003 0.01 0.03 0.1,,30,300,1.0,,,False,,,5
probe_corr-4573258f,2026-08-31T20:25:48+00:00,hyperplanes_n_features20_n_hyperplanes3_dim_hyperplanes5_seed11,4360508611e0e8963c01cd3994e98f0e069bb3b004ae6b18c71eecbf920853d1,2bf856a6c49a9c38010e4b719cd3d58e50f10d0c5c7048ed32accf1d9872633f,A_corr,L1,2,linear,35,35,32,1,0x1ddc9c443a3565bb,U0-2pi,pennylane,,,,0,test_full,1200,test,0.8275,0.9166583258265772,0.8267104494854682,0.8216666579246521,1.0607740879058838,0.009565344870213523,0.04540855335323208,89,59,1358.756547375,9c5317c-dirty,440d35196202,0.03,0.001 0.003 0.01 0.03 0.1,,30,300,1.0,,,False,,,5
probe_corr-4573258f,2026-08-31T20:25:48+00:00,hyperplanes_n_features20_n_hyperplanes3_dim_hyperplanes5_seed11,4360508611e0e8963c01cd3994e98f0e069bb3b004ae6b18c71eecbf920853d1,2bf856a6c49a9c38010e4b719cd3d58e50f10d0c5c7048ed32accf1d9872633f,A_corr,L1,2,linear,35,35,32,1,0x1ddc9c443a3565bb,U0-2pi,pennylane,,,,0,val_full,600,val,0.825,0.8971175017603469,0.819471308833011,0.8216666579246521,1.0607740879058838,0.009565344870213523,0.04540855335323208,89,59,1358.756547375,9c5317c-dirty,440d35196202,0.03,0.001 0.003 0.01 0.03 0.1,,30,300,1.0,,,False,,,5
probe_corr-4573258f,2026-08-31T20:25:54+00:00,hyperplanes_n_features20_n_hyperplanes3_dim_hyperplanes5_seed11,4360508611e0e8963c01cd3994e98f0e069bb3b004ae6b18c71eecbf920853d1,2bf856a6c49a9c38010e4b719cd3d58e50f10d0c5c7048ed32accf1d9872633f,A_corr,L1,2,linear,35,35,32,3,0xe98c84d46f8b02b7,U0-2pi,pennylane,,,,0,test_full,1200,test,0.7458333333333333,0.8646142639486649,0.7456848061958408,0.7464285492897034,0.3513377010822296,0.015485198061432679,0.026863630272930508,49,19,752.1423202910009,9c5317c-dirty,440d35196202,0.001,0.001 0.003 0.01 0.03 0.1,,30,300,1.0,,,False,,,5
probe_corr-4573258f,2026-08-31T20:25:54+00:00,hyperplanes_n_features20_n_hyperplanes3_dim_hyperplanes5_seed11,4360508611e0e8963c01cd3994e98f0e069bb3b004ae6b18c71eecbf920853d1,2bf856a6c49a9c38010e4b719cd3d58e50f10d0c5c7048ed32accf1d9872633f,A_corr,L1,2,linear,35,35,32,3,0xe98c84d46f8b02b7,U0-2pi,pennylane,,,,0,val_full,600,val,0.76,0.836416268958657,0.7581836908333707,0.7464285492897034,0.3513377010822296,0.015485198061432679,0.026863630272930508,49,19,752.1423202910009,9c5317c-dirty,440d35196202,0.001,0.001 0.003 0.01 0.03 0.1,,30,300,1.0,,,False,,,5
probe_corr-4573258f,2026-08-31T20:26:20+00:00,hyperplanes_n_features20_n_hyperplanes3_dim_hyperplanes5_seed11,4360508611e0e8963c01cd3994e98f0e069bb3b004ae6b18c71eecbf920853d1,2bf856a6c49a9c38010e4b719cd3d58e50f10d0c5c7048ed32accf1d9872633f,A_corr,L1,2,linear,35,35,32,2,0x68f1fd9add9ea051,U0-2pi,pennylane,,,,0,test_full,1200,test,0.8083333333333333,0.9129077280663709,0.8081793439733564,0.7992857098579407,0.6408739686012268,0.012367213586864314,0.038815781063971856,92,62,1390.6279323330018,9c5317c-dirty,440d35196202,0.003,0.001 0.003 0.01 0.03 0.1,,30,300,1.0,,,False,,,5
probe_corr-4573258f,2026-08-31T20:26:20+00:00,hyperplanes_n_features20_n_hyperplanes3_dim_hyperplanes5_seed11,4360508611e0e8963c01cd3994e98f0e069bb3b004ae6b18c71eecbf920853d1,2bf856a6c49a9c38010e4b719cd3d58e50f10d0c5c7048ed32accf1d9872633f,A_corr,L1,2,linear,35,35,32,2,0x68f1fd9add9ea051,U0-2pi,pennylane,,,,0,val_full,600,val,0.8,0.8979557622022779,0.7960016319869441,0.7992857098579407,0.6408739686012268,0.012367213586864314,0.038815781063971856,92,62,1390.6279323330018,9c5317c-dirty,440d35196202,0.003,0.001 0.003 0.01 0.03 0.1,,30,300,1.0,,,False,,,5
probe_corr-4573258f,2026-08-31T20:31:59+00:00,hyperplanes_n_features20_n_hyperplanes3_dim_hyperplanes5_seed11,4360508611e0e8963c01cd3994e98f0e069bb3b004ae6b18c71eecbf920853d1,2bf856a6c49a9c38010e4b719cd3d58e50f10d0c5c7048ed32accf1d9872633f,A_corr,L1,2,linear,35,35,32,3,0xe98c84d46f8b02b7,U0-2pi,pennylane,,,,0,test_full,1200,test,0.8291666666666667,0.9156880080961756,0.8276923594169276,0.8335714340209961,1.0884813070297241,0.015485198061432679,0.03275193280482506,73,43,1006.3712925,9c5317c-dirty,440d35196202,0.1,0.001 0.003 0.01 0.03 0.1,,30,300,1.0,,,False,,,5
probe_corr-4573258f,2026-08-31T20:31:59+00:00,hyperplanes_n_features20_n_hyperplanes3_dim_hyperplanes5_seed11,4360508611e0e8963c01cd3994e98f0e069bb3b004ae6b18c71eecbf920853d1,2bf856a6c49a9c38010e4b719cd3d58e50f10d0c5c7048ed32accf1d9872633f,A_corr,L1,2,linear,35,35,32,3,0xe98c84d46f8b02b7,U0-2pi,pennylane,,,,0,val_full,600,val,0.8333333333333334,0.8958768763062892,0.8263888888888888,0.8335714340209961,1.0884813070297241,0.015485198061432679,0.03275193280482506,73,43,1006.3712925,9c5317c-dirty,440d35196202,0.1,0.001 0.003 0.01 0.03 0.1,,30,300,1.0,,,False,,,5
probe_corr-4573258f,2026-08-31T20:33:06+00:00,hyperplanes_n_features20_n_hyperplanes3_dim_hyperplanes5_seed11,4360508611e0e8963c01cd3994e98f0e069bb3b004ae6b18c71eecbf920853d1,2bf856a6c49a9c38010e4b719cd3d58e50f10d0c5c7048ed32accf1d9872633f,A_corr,L1,2,linear,35,35,32,3,0xe98c84d46f8b02b7,U0-2pi,pennylane,,,,0,test_full,1200,test,0.8133333333333334,0.9136389417142095,0.8128962381563597,0.8133333325386047,0.7961836457252502,0.015485198061432679,0.06331220265529684,86,56,1175.936863959003,9c5317c-dirty,440d35196202,0.003,0.001 0.003 0.01 0.03 0.1,,30,300,1.0,,,False,,,5
probe_corr-4573258f,2026-08-31T20:33:06+00:00,hyperplanes_n_features20_n_hyperplanes3_dim_hyperplanes5_seed11,4360508611e0e8963c01cd3994e98f0e069bb3b004ae6b18c71eecbf920853d1,2bf856a6c49a9c38010e4b719cd3d58e50f10d0c5c7048ed32accf1d9872633f,A_corr,L1,2,linear,35,35,32,3,0xe98c84d46f8b02b7,U0-2pi,pennylane,,,,0,val_full,600,val,0.805,0.8936191615160219,0.7997666796922911,0.8133333325386047,0.7961836457252502,0.015485198061432679,0.06331220265529684,86,56,1175.936863959003,9c5317c-dirty,440d35196202,0.003,0.001 0.003 0.01 0.03 0.1,,30,300,1.0,,,False,,,5
probe_corr-4573258f,2026-08-31T20:37:44+00:00,hyperplanes_n_features20_n_hyperplanes3_dim_hyperplanes5_seed11,4360508611e0e8963c01cd3994e98f0e069bb3b004ae6b18c71eecbf920853d1,2bf856a6c49a9c38010e4b719cd3d58e50f10d0c5c7048ed32accf1d9872633f,A_corr,L1,2,linear,35,35,32,3,0xe98c84d46f8b02b7,U0-2pi,pennylane,,,,0,test_full,1200,test,0.8225,0.9157463939768014,0.8223488731733593,0.8240476250648499,1.149888515472412,0.015485198061432679,0.050284112641520495,110,80,1450.980958250002,9c5317c-dirty,440d35196202,0.03,0.001 0.003 0.01 0.03 0.1,,30,300,1.0,,,False,,,5
probe_corr-4573258f,2026-08-31T20:37:44+00:00,hyperplanes_n_features20_n_hyperplanes3_dim_hyperplanes5_seed11,4360508611e0e8963c01cd3994e98f0e069bb3b004ae6b18c71eecbf920853d1,2bf856a6c49a9c38010e4b719cd3d58e50f10d0c5c7048ed32accf1d9872633f,A_corr,L1,2,linear,35,35,32,3,0xe98c84d46f8b02b7,U0-2pi,pennylane,,,,0,val_full,600,val,0.8283333333333334,0.8990622659856266,0.824646526554134,0.8240476250648499,1.149888515472412,0.015485198061432679,0.050284112641520495,110,80,1450.980958250002,9c5317c-dirty,440d35196202,0.03,0.001 0.003 0.01 0.03 0.1,,30,300,1.0,,,False,,,5
probe_corr-4573258f,2026-08-31T20:39:31+00:00,hyperplanes_n_features20_n_hyperplanes3_dim_hyperplanes5_seed11,4360508611e0e8963c01cd3994e98f0e069bb3b004ae6b18c71eecbf920853d1,2bf856a6c49a9c38010e4b719cd3d58e50f10d0c5c7048ed32accf1d9872633f,A_corr,L1,2,linear,35,35,32,1,0x1ddc9c443a3565bb,U0-2pi,pennylane,,,,0,test_full,1200,test,0.8141666666666667,0.9132358011098878,0.8139049705314765,0.8083333373069763,0.7100695371627808,0.009565344870213523,0.037295013273652394,160,130,2181.8284385419975,9c5317c-dirty,440d35196202,0.003,0.001 0.003 0.01 0.03 0.1,,30,300,1.0,,,False,,,5
probe_corr-4573258f,2026-08-31T20:39:31+00:00,hyperplanes_n_features20_n_hyperplanes3_dim_hyperplanes5_seed11,4360508611e0e8963c01cd3994e98f0e069bb3b004ae6b18c71eecbf920853d1,2bf856a6c49a9c38010e4b719cd3d58e50f10d0c5c7048ed32accf1d9872633f,A_corr,L1,2,linear,35,35,32,1,0x1ddc9c443a3565bb,U0-2pi,pennylane,,,,0,val_full,600,val,0.7983333333333333,0.8940662337517185,0.7935852200193905,0.8083333373069763,0.7100695371627808,0.009565344870213523,0.037295013273652394,160,130,2181.8284385419975,9c5317c-dirty,440d35196202,0.003,0.001 0.003 0.01 0.03 0.1,,30,300,1.0,,,False,,,5
